gameId,pId,PM,Starter,AS,BS,DR,FD,FG2A,FG2M,FG2P,FG3A,FG3M,FG3P,FGA,FGM,FTA,FTM,FTP,OR,PF,PTS,REB,ST,TO,EFF,FGIA,FGIM,FGIP,TP,teamId,nationality,uniformNumber,name,10+ ppg,FGP,mins,secs,MP
121423,163689,-20,True,4,0,5,3,4,2,0.5,7,1,0.143,11,3,4,4,1.0,2,1,11,7,3,0,17,1,1,100.0,26:45,14,Argentina,11.0,Melisa Gretter,1,0.273,26,45,26.8
121423,153423,-15,True,0,0,3,2,2,0,0.0,4,2,0.5,6,2,2,2,1.0,2,1,8,5,1,1,9,1,0,0.0,27:11,14,Argentina,10.0,Agostina Burani,0,0.333,27,11,27.2
121423,153434,-1,False,0,0,2,0,1,1,1.0,8,2,0.25,9,3,0,0,,1,0,8,3,0,0,5,0,0,0.0,24:5,14,Argentina,8.0,Andrea Boquete,0,0.333,24,5,24.1
121423,170619,-1,False,1,0,0,3,5,1,0.2,0,0,,5,1,0,0,,5,2,2,5,0,1,3,5,1,20.0,16:58,14,Argentina,7.0,Diana Cabrera,0,0.2,16,58,17.0
121423,176450,-7,False,0,0,1,0,0,0,,0,0,,0,0,0,0,,0,2,0,1,1,0,2,0,0,0.0,10:4,14,Argentina,5.0,Flor Martinez,0,,10,4,10.1
121423,214715,-8,False,2,0,2,3,4,2,0.5,8,2,0.25,12,4,2,2,1.0,0,4,12,2,2,2,8,4,2,50.0,15:57,14,Argentina,4.0,Amaiquen Siciliano,1,0.333,15,57,16.0
121423,200337,-6,False,0,0,2,3,1,0,0.0,4,0,0.0,5,0,2,0,0.0,0,2,0,2,2,1,-4,0,0,0.0,14:0,14,Argentina,3.0,Julieta Mungo,0,0.0,14,0,14.0
121423,221605,0,False,0,0,0,0,0,0,,0,0,,0,0,0,0,,0,0,0,0,0,0,0,0,0,0.0,0:0,14,Argentina,13.0,Candela Gentinetta,0,,0,0,0.0
121423,214723,-16,True,0,0,0,0,4,1,0.25,5,0,0.0,9,1,0,0,,0,1,2,0,0,1,-7,4,1,25.0,17:50,14,Argentina,14.0,Florencia Chagas,0,0.111,17,50,17.8
121423,277271,0,False,0,0,0,0,0,0,,0,0,,0,0,0,0,,0,0,0,0,0,0,0,0,0,0.0,0:0,14,Argentina,19.0,Delfina Saravia,0,,0,0,0.0
121423,159332,-13,True,2,0,2,0,0,0,,3,0,0.0,3,0,0,0,,0,2,0,2,1,3,-1,0,0,0.0,22:21,14,Argentina,20.0,Macarena D'urso,0,0.0,22,21,22.4
121423,221606,-18,True,1,0,1,3,2,0,0.0,6,2,0.333,8,2,2,1,0.5,2,3,7,3,0,1,3,2,0,0.0,24:49,14,Argentina,23.0,Victoria Gauna,0,0.25,24,49,24.8
121423,368432,0,False,0,0,0,0,0,0,,0,0,,0,0,0,0,,0,0,0,0,0,0,0,0,0,0.0,0:0,27,Brazil,5.0,Ayla McDowell,0,,0,0,0.0
121423,392716,11,True,4,0,5,2,1,1,1.0,4,1,0.25,5,2,2,2,1.0,0,0,7,5,1,1,13,1,1,100.0,17:30,27,Brazil,8.0,Bella Nascimento,0,0.4,17,30,17.5
121423,215036,28,True,4,2,9,4,5,4,0.8,0,0,,5,4,2,0,0.0,2,3,8,11,0,3,19,5,4,80.0,33:59,27,Brazil,10.0,Kamilla Cardoso,0,0.8,33,59,34.0
121423,215026,6,False,1,0,5,1,4,1,0.25,2,0,0.0,6,1,2,2,1.0,1,3,4,6,0,1,5,2,1,50.0,19:52,27,Brazil,11.0,Emanuely De Oliveira,0,0.167,19,52,19.9
121423,172947,22,True,0,0,6,6,12,6,0.5,7,3,0.429,19,9,5,3,0.6,1,1,24,7,0,3,16,6,4,66.7,33:24,27,Brazil,12.0,Damiris Dantas,1,0.474,33,24,33.4
121423,175283,-8,False,2,0,2,1,0,0,,3,1,0.333,3,1,0,0,,1,1,3,3,0,3,3,0,0,0.0,15:8,27,Brazil,17.0,Cacá Martins,0,0.333,15,8,15.1
121423,200399,-8,False,1,1,3,1,2,1,0.5,2,0,0.0,4,1,0,0,,1,1,2,4,1,0,6,2,1,50.0,12:37,27,Brazil,18.0,Aline Moura,0,0.25,12,37,12.6
121423,259742,0,False,0,0,0,0,0,0,,0,0,,0,0,0,0,,0,0,0,0,0,0,0,0,0,0.0,0:0,27,Brazil,21.0,Manu Alves,0,,0,0,0.0
121423,186510,19,True,0,1,1,1,7,5,0.714,3,1,0.333,10,6,0,0,,5,1,13,6,0,3,13,5,4,80.0,30:4,27,Brazil,22.0,Vitoria Marcelino,1,0.6,30,4,30.1
121423,178708,27,True,2,0,5,0,5,2,0.4,4,2,0.5,9,4,0,0,,0,4,10,5,0,3,9,3,1,33.3,24:52,27,Brazil,24.0,Alana Gonçalo,1,0.444,24,52,24.9
121423,193492,0,False,0,0,0,0,0,0,,0,0,,0,0,0,0,,0,0,0,0,0,0,0,0,0,0.0,0:0,27,Brazil,26.0,Thayna Silva,0,,0,0,0.0
121423,296041,8,False,3,0,2,1,1,0,0.0,1,0,0.0,2,0,0,0,,2,4,0,4,0,0,5,0,0,0.0,12:34,27,Brazil,30.0,Catarina Ferreira,0,0.0,12,34,12.6
121424,200045,-19,False,0,0,0,0,3,0,0.0,0,0,,3,0,0,0,,0,2,0,0,0,0,-3,3,0,0.0,11:25,54,El Salvador,7.0,Liliana Alvarado,0,0.0,11,25,11.4
121424,276288,-15,False,0,0,0,0,0,0,,1,0,0.0,1,0,0,0,,0,0,0,0,0,0,-1,0,0,0.0,5:40,54,El Salvador,5.0,Ana Quijano,0,0.0,5,40,5.7
121424,188447,-52,True,1,0,1,2,10,1,0.1,4,1,0.25,14,2,0,0,,2,3,5,3,1,2,-4,7,1,14.3,32:49,54,El Salvador,4.0,Hillary Martínez,0,0.143,32,49,32.8
121424,294819,-25,False,1,0,1,0,10,4,0.4,0,0,,10,4,0,0,,0,2,8,1,0,3,1,2,2,100.0,19:23,54,El Salvador,8.0,Gabriela Escobar,0,0.4,19,23,19.4
121424,250001,-20,False,0,0,0,0,4,1,0.25,0,0,,4,1,0,0,,2,3,2,2,0,0,1,2,1,50.0,10:47,54,El Salvador,9.0,Silvia Vega,0,0.25,10,47,10.8
121424,293205,-44,True,1,0,1,2,2,0,0.0,5,2,0.4,7,2,0,0,,0,0,6,1,1,1,3,0,0,0.0,28:2,54,El Salvador,10.0,Emily Tevez,0,0.286,28,2,28.0
121424,209053,-6,False,0,0,0,0,1,0,0.0,0,0,,1,0,0,0,,0,0,0,0,0,0,-1,1,0,0.0,5:18,54,El Salvador,11.0,Elisa Domínguez,0,0.0,5,18,5.3
121424,181560,-7,False,1,0,0,1,0,0,,0,0,,0,0,0,0,,0,1,0,0,0,0,1,0,0,0.0,4:49,54,El Salvador,14.0,Adriana Rivas,0,,4,49,4.8
121424,209055,-16,False,0,0,0,0,1,1,1.0,0,0,,1,1,0,0,,0,0,2,0,0,0,2,1,1,100.0,9:23,54,El Salvador,16.0,Fátima Avilés,0,1.0,9,23,9.4
121424,223293,-48,True,0,2,6,2,9,3,0.333,0,0,,9,3,3,2,0.667,0,3,8,6,0,1,8,7,3,42.9,31:14,54,El Salvador,22.0,Kimberly Villalobos,0,0.333,31,14,31.2
121424,266073,-38,True,0,0,0,0,2,0,0.0,1,0,0.0,3,0,0,0,,0,1,0,0,0,0,-3,1,0,0.0,17:51,54,El Salvador,24.0,Gabriela Alfaro,0,0.0,17,51,17.8
121424,239401,-40,True,0,2,3,1,4,1,0.25,2,0,0.0,6,1,2,1,0.5,1,4,3,4,1,5,-1,3,1,33.3,23:19,54,El Salvador,44.0,Brandi Harvey-Carr,0,0.167,23,19,23.3
121424,196900,30,False,8,0,1,2,2,1,0.5,2,1,0.5,4,2,4,3,0.75,0,0,8,1,2,3,13,2,1,50.0,12:14,34,Canada,2.0,Shay Colley,0,0.5,12,14,12.2
121424,297698,10,False,0,0,0,0,0,0,,7,3,0.429,7,3,0,0,,0,0,9,0,0,1,4,0,0,0.0,10:31,34,Canada,3.0,Delaney Gibb,0,0.429,10,31,10.5
121424,188714,37,True,3,0,0,2,2,1,0.5,5,2,0.4,7,3,2,2,1.0,0,0,10,0,1,1,9,2,1,50.0,20:43,34,Canada,4.0,Sami Hill,1,0.429,20,43,20.7
121424,217042,28,False,3,0,0,1,4,3,0.75,2,0,0.0,6,3,2,2,1.0,1,0,8,1,0,0,9,3,2,66.7,18:18,34,Canada,7.0,Niyah Becker,0,0.5,18,18,18.3
121424,266912,33,False,2,0,3,3,2,1,0.5,2,1,0.5,4,2,6,6,1.0,3,1,11,6,0,2,15,2,1,50.0,21:46,34,Canada,8.0,Tara Wallack,1,0.5,21,46,21.8
121424,172742,33,True,2,0,9,0,5,4,0.8,0,0,,5,4,0,0,,3,1,8,12,2,0,23,5,4,80.0,18:40,34,Canada,9.0,Yvonne Ejim,0,0.8,18,40,18.7
121424,188566,12,False,1,0,5,1,1,1,1.0,0,0,,1,1,2,2,1.0,2,1,4,7,1,1,12,0,0,0.0,8:8,34,Canada,10.0,Emily Potter,0,1.0,8,8,8.1
121424,320676,26,False,3,0,5,0,2,1,0.5,5,2,0.4,7,3,0,0,,2,0,8,7,0,1,13,1,0,0.0,15:29,34,Canada,12.0,Syla Swords,0,0.429,15,29,15.5
121424,235589,33,True,2,0,2,2,2,1,0.5,6,2,0.333,8,3,0,0,,2,3,8,4,0,0,9,2,1,50.0,18:44,34,Canada,13.0,Merissah Russell,0,0.375,18,44,18.7
121424,161433,25,True,1,1,2,4,6,3,0.5,0,0,,6,3,5,4,0.8,3,1,10,5,0,0,13,4,3,75.0,14:12,34,Canada,14.0,Kayla Alexander,1,0.5,14,12,14.2
121424,323517,24,False,1,1,4,2,4,2,0.5,0,0,,4,2,4,3,0.75,4,0,7,8,0,0,14,4,2,50.0,14:25,34,Canada,15.0,Phillipina Kyei,0,0.5,14,25,14.4
121424,298515,39,True,3,1,5,2,4,0,0.0,7,2,0.286,11,2,4,3,0.75,0,1,9,5,1,2,7,2,0,0.0,26:50,34,Canada,30.0,Shayeann Day-Wilson,0,0.182,26,50,26.8
121433,214983,-5,False,0,0,1,0,0,0,,0,0,,0,0,0,0,,0,1,0,1,0,0,1,0,0,0.0,3:39,40,Colombia,21.0,Valentina Lopez,0,,3,39,3.6
121433,230237,2,True,3,1,6,5,7,3,0.429,3,0,0.0,10,3,2,1,0.5,3,4,7,9,0,1,11,3,0,0.0,36:22,40,Colombia,19.0,Daniela Gonzalez,0,0.3,36,22,36.4
121433,189132,-8,False,1,0,1,1,3,0,0.0,0,0,,3,0,0,0,,2,0,0,3,0,0,1,2,0,0.0,11:35,40,Colombia,14.0,Marlyn Vente,0,0.0,11,35,11.6
121433,163900,5,True,1,0,5,2,7,2,0.286,10,5,0.5,17,7,5,4,0.8,2,4,23,7,3,2,21,3,0,0.0,33:21,40,Colombia,12.0,Jenifer Muñoz,1,0.412,33,21,33.4
121433,160664,1,True,1,0,1,1,1,0,0.0,3,1,0.333,4,1,0,0,,2,0,3,3,0,0,4,0,0,0.0,15:9,40,Colombia,10.0,Mabel Martínez,0,0.25,15,9,15.2
121433,193445,2,True,3,0,2,8,12,6,0.5,2,0,0.0,14,6,13,8,0.615,0,3,20,2,1,5,8,10,6,60.0,34:12,40,Colombia,9.0,Manuela Rios,1,0.429,34,12,34.2
121433,251137,-3,False,0,0,0,0,1,0,0.0,0,0,,1,0,0,0,,0,1,0,0,0,1,-2,0,0,0.0,3:42,40,Colombia,8.0,Carolina Lopez,0,0.0,3,42,3.7
121433,214994,-6,False,0,0,1,0,1,0,0.0,0,0,,1,0,0,0,,0,0,0,1,1,1,0,1,0,0.0,3:45,40,Colombia,7.0,Mayra Caicedo,0,0.0,3,45,3.8
121433,236912,5,True,0,2,10,1,1,0,0.0,2,1,0.5,3,1,2,2,1.0,1,1,5,11,1,1,16,1,0,0.0,28:25,40,Colombia,6.0,Yuliany Paz,0,0.333,28,25,28.4
121433,278174,0,False,0,0,0,0,0,0,,0,0,,0,0,0,0,,0,0,0,0,0,0,0,0,0,0.0,0:0,40,Colombia,5.0,Daihana Murillo,0,,0,0,0.0
121433,314520,12,False,1,0,1,1,2,1,0.5,0,0,,2,1,2,2,1.0,1,1,4,2,0,2,4,1,1,100.0,19:29,40,Colombia,0.0,Marta Moscarella,0,0.5,19,29,19.5
121433,189134,-20,False,0,1,0,0,1,0,0.0,3,1,0.333,4,1,0,0,,0,0,3,0,0,0,1,1,0,0.0,10:21,40,Colombia,22.0,Esperanza Delgado,0,0.25,10,21,10.4
121433,181909,0,False,2,0,2,3,2,2,1.0,3,0,0.0,5,2,3,2,0.667,3,1,6,5,0,0,9,2,2,100.0,21:39,125,Puerto Rico,1.0,Tayra Melendez,0,0.4,21,39,21.6
121433,291149,0,True,1,0,5,2,4,1,0.25,3,1,0.333,7,2,0,0,,1,3,5,6,1,0,8,2,1,50.0,20:12,125,Puerto Rico,2.0,Brianna Jones,0,0.286,20,12,20.2
121433,147107,6,False,2,0,4,4,3,1,0.333,6,3,0.5,9,4,6,3,0.5,0,1,14,4,3,0,15,3,1,33.3,23:21,125,Puerto Rico,5.0,Pamela Rosado,1,0.444,23,21,23.4
121433,188776,-2,False,0,0,0,0,0,0,,0,0,,0,0,0,0,,0,1,0,0,0,1,-1,0,0,0.0,0:30,125,Puerto Rico,11.0,Sofia Roma,0,,0,30,0.5
121433,295611,5,False,0,0,0,0,1,1,1.0,3,0,0.0,4,1,0,0,,0,0,2,0,0,0,-1,1,1,100.0,7:17,125,Puerto Rico,12.0,Ahlana Smith,0,0.25,7,17,7.3
121433,393526,1,False,3,0,0,1,2,1,0.5,0,0,,2,1,0,0,,1,3,2,1,2,2,5,1,0,0.0,10:25,125,Puerto Rico,15.0,Angelica Velez,0,0.5,10,25,10.4
121433,314595,-1,True,2,1,6,1,4,2,0.5,8,2,0.25,12,4,2,1,0.5,1,2,11,7,3,1,14,2,1,50.0,33:12,125,Puerto Rico,21.0,Mya Hollingshed,1,0.333,33,12,33.2
121433,236841,0,True,1,0,4,2,13,4,0.308,6,2,0.333,19,6,1,1,1.0,1,4,15,5,1,4,5,8,3,37.5,36:28,125,Puerto Rico,22.0,Arella Guirantes,1,0.316,36,28,36.5
121433,323904,-5,True,0,1,1,0,2,1,0.5,0,0,,2,1,0,0,,0,3,2,1,0,1,2,2,1,50.0,9:50,125,Puerto Rico,23.0,Trinity San Antonio,0,0.5,9,50,9.8
121433,295609,6,False,2,0,0,2,0,0,,0,0,,0,0,0,0,,1,0,0,1,0,0,3,0,0,0.0,6:14,125,Puerto Rico,25.0,Denise Solis,0,,6,14,6.2
121433,225517,-2,True,1,0,1,0,3,1,0.333,1,0,0.0,4,1,0,0,,1,0,2,2,0,0,2,3,1,33.3,8:40,125,Puerto Rico,33.0,India Pagan,0,0.25,8,40,8.7
121433,289878,7,False,1,0,3,0,2,0,0.0,6,3,0.5,8,3,0,0,,0,1,9,3,0,0,8,2,0,0.0,22:13,125,Puerto Rico,55.0,Jacqueline Benitez,0,0.375,22,13,22.2
121434,186543,-17,False,0,0,1,0,0,0,,3,0,0.0,3,0,0,0,,0,1,0,1,0,1,-3,0,0,0.0,7:50,38,Chile,25.0,Catalina Abuyeres,0,0.0,7,50,7.8
121434,235811,-30,False,1,0,1,0,0,0,,4,2,0.5,4,2,0,0,,0,2,6,1,0,1,5,0,0,0.0,17:47,38,Chile,22.0,Jovanka Ljubetic,0,0.5,17,47,17.8
121434,223051,-12,True,0,2,3,2,4,1,0.25,1,0,0.0,5,1,4,1,0.25,1,4,3,4,0,4,-2,3,1,33.3,19:27,38,Chile,12.0,Constanza Cardenas,0,0.2,19,27,19.4
121434,260056,-14,False,1,0,0,0,0,0,,1,0,0.0,1,0,0,0,,0,0,0,0,0,0,0,0,0,0.0,6:18,38,Chile,11.0,Valentina Monzo,0,0.0,6,18,6.3
121434,178361,-31,True,2,0,1,1,1,0,0.0,8,2,0.25,9,2,0,0,,1,2,6,2,0,3,0,1,0,0.0,24:8,38,Chile,10.0,Barbara Cousiño,0,0.222,24,8,24.1
121434,260050,-43,False,0,1,3,0,0,0,,0,0,,0,0,0,0,,1,2,0,4,0,2,3,0,0,0.0,14:7,38,Chile,9.0,Catalina Ramirez,0,,14,7,14.1
121434,277480,-30,False,1,0,0,0,1,0,0.0,2,2,1.0,3,2,0,0,,0,1,6,0,0,1,5,1,0,0.0,16:26,38,Chile,8.0,Antonia Andaur,0,0.667,16,26,16.4
121434,251604,-24,True,1,0,3,1,2,2,1.0,1,0,0.0,3,2,2,1,0.5,0,0,5,3,1,7,1,2,2,100.0,17:7,38,Chile,7.0,Catalina Perez,0,0.667,17,7,17.1
121434,330308,-15,False,1,0,1,2,3,0,0.0,2,0,0.0,5,0,2,1,0.5,1,1,1,2,0,1,-3,3,0,0.0,8:48,38,Chile,4.0,Amanda Guineo,0,0.0,8,48,8.8
121434,230548,-27,True,1,0,4,3,6,3,0.5,3,0,0.0,9,3,6,5,0.833,0,2,11,4,3,1,11,6,3,50.0,27:39,38,Chile,3.0,Valentina Ojeda,1,0.333,27,39,27.6
121434,221910,-35,True,4,0,1,4,5,1,0.2,3,0,0.0,8,1,0,0,,1,0,2,2,2,3,0,4,1,25.0,25:20,38,Chile,2.0,Javiera Campos,0,0.125,25,20,25.3
121434,259930,-27,False,2,0,0,1,2,1,0.5,2,1,0.5,4,2,2,2,1.0,0,2,7,0,0,2,5,1,1,100.0,15:3,38,Chile,1.0,Damaris Alarcon,0,0.5,15,3,15.0
121434,268469,36,False,7,0,4,1,3,3,1.0,2,0,0.0,5,3,0,0,,0,2,6,4,2,4,13,3,3,100.0,20:45,154,USA,5.0,Olivia Miles,0,0.6,20,45,20.8
121434,392454,29,False,2,0,4,2,5,1,0.2,3,0,0.0,8,1,2,1,0.5,2,1,3,6,4,3,4,3,1,33.3,19:3,154,USA,4.0,Flaujae Johnson,0,0.125,19,3,19.0
121434,319297,25,True,4,0,2,2,11,4,0.364,2,1,0.5,13,5,4,3,0.75,1,3,14,3,3,1,14,10,4,40.0,19:15,154,USA,6.0,Hannah Hidalgo,1,0.385,19,15,19.2
121434,393527,25,True,2,0,2,1,4,4,1.0,4,2,0.5,8,6,2,1,0.5,0,2,15,2,1,0,17,4,4,100.0,18:11,154,USA,7.0,Mikayla Blakes,1,0.75,18,11,18.2
121434,298282,6,True,0,1,1,0,2,0,0.0,0,0,,2,0,0,0,,0,3,0,1,0,1,-1,0,0,0.0,13:14,154,USA,8.0,Madison Booker,0,0.0,13,14,13.2
121434,392664,35,False,2,0,2,2,2,1,0.5,3,2,0.667,5,3,4,4,1.0,2,0,12,4,2,1,17,2,1,50.0,19:0,154,USA,9.0,Gianna Kneepkens,1,0.6,19,0,19.0
121434,394219,24,False,0,0,1,2,3,2,0.667,0,0,,3,2,4,3,0.75,1,0,7,2,2,0,9,3,2,66.7,16:31,154,USA,10.0,Hannah Stuelke,0,0.667,16,31,16.5
121434,320127,32,False,1,0,1,0,4,2,0.5,1,0,0.0,5,2,0,0,,1,2,4,2,1,0,5,2,2,100.0,14:8,154,USA,11.0,Kennedy Smith,0,0.4,14,8,14.1
121434,298813,15,True,1,0,2,3,11,6,0.545,1,1,1.0,12,7,6,4,0.667,4,0,19,6,1,1,19,11,6,54.5,14:26,154,USA,12.0,Joyce Edwards,1,0.583,14,26,14.4
121434,392661,31,False,1,1,3,3,11,8,0.727,1,1,1.0,12,9,3,3,1.0,4,0,22,7,3,0,31,10,8,80.0,18:5,154,USA,13.0,Raegan Beers,1,0.75,18,5,18.1
121434,318117,27,True,0,1,1,1,3,1,0.333,0,0,,3,1,2,0,0.0,2,0,2,3,1,1,2,3,1,33.3,18:23,154,USA,14.0,Grace Van Slooten,0,0.333,18,23,18.4
121434,318244,20,False,1,0,2,0,2,2,1.0,0,0,,2,2,0,0,,0,1,4,2,0,0,7,1,1,100.0,8:59,154,USA,15.0,Audi Crooks,0,1.0,8,59,9.0
121425,394173,0,False,0,0,0,0,0,0,,0,0,,0,0,0,0,,0,0,0,0,0,0,0,0,0,0.0,0:0,51,Dominican Republic,44.0,Ileana Sosa,0,,0,0,0.0
121425,269965,5,False,2,0,5,3,11,7,0.636,0,0,,11,7,4,3,0.75,5,2,17,10,0,4,20,7,6,85.7,21:58,51,Dominican Republic,24.0,Hellary De Los Santos,1,0.636,21,58,22.0
121425,205219,-3,False,1,0,0,1,0,0,,1,0,0.0,1,0,2,1,0.5,0,0,1,0,0,0,0,0,0,0.0,4:22,51,Dominican Republic,21.0,Anyi Hodge,0,0.0,4,22,4.4
121425,235951,8,False,0,0,2,0,0,0,,1,1,1.0,1,1,0,0,,0,0,3,2,0,1,4,0,0,0.0,10:53,51,Dominican Republic,15.0,Yirsy Queliz,0,1.0,10,53,10.9
121425,239986,0,True,0,3,8,5,10,3,0.3,1,0,0.0,11,3,6,2,0.333,0,2,8,8,0,1,6,9,3,33.3,29:47,51,Dominican Republic,13.0,Giocelis Reynoso,0,0.273,29,47,29.8
121425,394212,0,True,1,1,4,4,3,1,0.333,0,0,,3,1,4,2,0.5,1,1,4,5,0,2,5,2,1,50.0,25:14,51,Dominican Republic,9.0,Madelyn  Batista,0,0.333,25,14,25.2
121425,176174,-10,False,0,0,0,0,0,0,,0,0,,0,0,0,0,,1,1,0,1,0,0,1,0,0,0.0,6:7,51,Dominican Republic,8.0,Yamel Abreu,0,,6,7,6.1
121425,162321,11,False,3,0,1,0,0,0,,3,0,0.0,3,0,0,0,,0,1,0,1,0,1,0,0,0,0.0,14:26,51,Dominican Republic,7.0,Genesis Evangelista,0,0.0,14,26,14.4
121425,205230,6,True,1,0,2,1,3,0,0.0,3,0,0.0,6,0,2,1,0.5,0,1,1,2,0,1,-4,3,0,0.0,13:10,51,Dominican Republic,6.0,Yenifer Jimenez,0,0.0,13,10,13.2
121425,144776,-3,True,1,0,0,3,3,0,0.0,2,0,0.0,5,0,6,3,0.5,3,3,3,3,0,0,-1,3,0,0.0,17:40,51,Dominican Republic,5.0,Yohanna Morton,0,0.0,17,40,17.7
121425,269961,6,True,3,1,6,3,12,5,0.417,7,3,0.429,19,8,7,5,0.714,4,1,24,10,2,4,23,9,4,44.4,33:44,51,Dominican Republic,3.0,Cesarina Capellan,1,0.421,33,44,33.7
121425,269964,-10,False,0,1,2,2,2,0,0.0,1,0,0.0,3,0,0,0,,0,2,0,2,0,3,-3,2,0,0.0,22:39,51,Dominican Republic,1.0,Glorivel Rodriguez,0,0.0,22,39,22.6
121425,239401,-9,True,0,0,3,1,8,1,0.125,1,0,0.0,9,1,2,2,1.0,0,4,4,3,0,2,-3,5,0,0.0,17:46,54,El Salvador,44.0,Brandi Harvey-Carr,0,0.111,17,46,17.8
121425,266073,3,True,0,0,2,0,3,1,0.333,4,2,0.5,7,3,0,0,,1,2,8,3,1,0,8,3,1,33.3,14:50,54,El Salvador,24.0,Gabriela Alfaro,0,0.429,14,50,14.8
121425,223293,-3,True,1,0,9,2,13,4,0.308,0,0,,13,4,4,4,1.0,4,2,12,13,3,3,17,10,4,40.0,36:41,54,El Salvador,22.0,Kimberly Villalobos,1,0.308,36,41,36.7
121425,209055,0,False,0,0,0,0,0,0,,0,0,,0,0,0,0,,0,0,0,0,0,0,0,0,0,0.0,0:0,54,El Salvador,16.0,Fátima Avilés,0,,0,0,0.0
121425,181560,4,False,1,0,2,1,1,0,0.0,0,0,,1,0,0,0,,0,4,0,2,0,0,2,0,0,0.0,7:41,54,El Salvador,14.0,Adriana Rivas,0,0.0,7,41,7.7
121425,209053,0,False,0,0,0,0,0,0,,0,0,,0,0,0,0,,0,0,0,0,0,0,0,0,0,0.0,0:0,54,El Salvador,11.0,Elisa Domínguez,0,,0,0,0.0
121425,293205,-1,True,2,0,0,2,3,1,0.333,5,0,0.0,8,1,2,1,0.5,1,1,3,1,0,0,-2,2,1,50.0,35:37,54,El Salvador,10.0,Emily Tevez,0,0.125,35,37,35.6
121425,250001,2,False,0,0,2,0,0,0,,0,0,,0,0,0,0,,2,5,0,4,0,0,4,0,0,0.0,10:3,54,El Salvador,9.0,Silvia Vega,0,,10,3,10.0
121425,294819,-5,False,2,0,1,1,8,2,0.25,2,2,1.0,10,4,0,0,,1,0,10,2,0,1,7,7,2,28.6,25:10,54,El Salvador,8.0,Gabriela Escobar,1,0.4,25,10,25.2
121425,200045,2,False,0,0,0,0,2,0,0.0,0,0,,2,0,0,0,,1,1,0,1,1,0,0,0,0,0.0,7:49,54,El Salvador,7.0,Liliana Alvarado,0,0.0,7,49,7.8
121425,276288,-1,False,0,0,0,0,0,0,,1,0,0.0,1,0,0,0,,0,0,0,0,0,1,-2,0,0,0.0,4:23,54,El Salvador,5.0,Ana Quijano,0,0.0,4,23,4.4
121425,188447,-2,True,5,0,5,7,14,7,0.5,5,1,0.2,19,8,8,5,0.625,2,3,22,7,4,2,22,11,6,54.5,40:0,54,El Salvador,4.0,Hillary Martínez,1,0.421,40,0,40.0
121426,298515,21,True,4,0,5,4,9,5,0.556,5,2,0.4,14,7,2,2,1.0,0,1,18,5,0,2,18,3,2,66.7,29:38,34,Canada,30.0,Shayeann Day-Wilson,1,0.5,29,38,29.6
121426,323517,1,False,0,0,2,0,1,1,1.0,0,0,,1,1,0,0,,0,0,2,2,0,1,3,1,1,100.0,4:25,34,Canada,15.0,Phillipina Kyei,0,1.0,4,25,4.4
121426,161433,7,True,0,1,3,4,5,4,0.8,0,0,,5,4,4,3,0.75,1,2,11,4,0,3,11,4,3,75.0,17:16,34,Canada,14.0,Kayla Alexander,1,0.8,17,16,17.3
121426,235589,7,False,0,0,1,1,1,0,0.0,2,0,0.0,3,0,0,0,,0,1,0,1,0,1,-3,1,0,0.0,16:1,34,Canada,13.0,Merissah Russell,0,0.0,16,1,16.0
121426,320676,9,False,4,0,5,1,1,1,1.0,6,3,0.5,7,4,0,0,,0,1,11,5,1,1,17,1,1,100.0,21:25,34,Canada,12.0,Syla Swords,1,0.571,21,25,21.4
121426,188566,0,False,0,0,0,0,0,0,,0,0,,0,0,0,0,,0,0,0,0,0,0,0,0,0,0.0,0:0,34,Canada,10.0,Emily Potter,0,,0,0,0.0
121426,172742,21,True,2,2,11,5,7,4,0.571,0,0,,7,4,0,0,,1,1,8,12,0,0,21,4,2,50.0,31:31,34,Canada,9.0,Yvonne Ejim,0,0.571,31,31,31.5
121426,266912,12,False,1,2,3,0,3,1,0.333,2,0,0.0,5,1,0,0,,0,0,2,3,1,0,5,3,1,33.3,14:50,34,Canada,8.0,Tara Wallack,0,0.2,14,50,14.8
121426,217042,4,False,0,1,2,0,3,2,0.667,0,0,,3,2,0,0,,2,0,4,4,1,1,8,3,2,66.7,8:51,34,Canada,7.0,Niyah Becker,0,0.667,8,51,8.8
121426,188714,29,True,2,0,1,2,2,1,0.5,4,1,0.25,6,2,2,2,1.0,0,2,7,1,0,2,4,2,1,50.0,22:57,34,Canada,4.0,Sami Hill,0,0.333,22,57,23.0
121426,297698,-3,False,0,1,1,2,1,0,0.0,3,0,0.0,4,0,2,2,1.0,1,4,2,2,1,2,0,1,0,0.0,13:8,34,Canada,3.0,Delaney Gibb,0,0.0,13,8,13.1
121426,196900,7,True,1,0,3,3,2,1,0.5,3,0,0.0,5,1,6,4,0.667,1,4,6,4,1,1,5,2,1,50.0,19:58,34,Canada,2.0,Shay Colley,0,0.2,19,58,20.0
121426,221606,-12,True,0,0,5,2,4,1,0.25,3,0,0.0,7,1,2,0,0.0,0,3,2,5,0,2,-3,3,1,33.3,19:37,14,Argentina,23.0,Victoria Gauna,0,0.143,19,37,19.6
121426,159332,-14,True,1,0,0,1,2,0,0.0,1,0,0.0,3,0,0,0,,0,2,0,0,0,0,-2,1,0,0.0,14:50,14,Argentina,20.0,Macarena D'urso,0,0.0,14,50,14.8
121426,277271,0,False,0,0,0,0,0,0,,0,0,,0,0,0,0,,0,0,0,0,1,0,1,0,0,0.0,3:51,14,Argentina,19.0,Delfina Saravia,0,,3,51,3.8
121426,214723,-14,True,1,0,1,3,4,1,0.25,5,1,0.2,9,2,2,1,0.5,0,1,6,1,1,1,0,2,1,50.0,16:47,14,Argentina,14.0,Florencia Chagas,0,0.222,16,47,16.8
121426,221605,-5,False,0,0,2,4,5,2,0.4,1,1,1.0,6,3,3,3,1.0,4,2,10,6,0,0,13,4,2,50.0,13:37,14,Argentina,13.0,Candela Gentinetta,1,0.5,13,37,13.6
121426,163689,-14,True,6,0,2,1,1,1,1.0,4,1,0.25,5,2,0,0,,0,0,5,2,0,2,8,0,0,0.0,22:14,14,Argentina,11.0,Melisa Gretter,0,0.4,22,14,22.2
121426,153423,-18,True,1,0,1,2,2,1,0.5,3,0,0.0,5,1,0,0,,0,4,2,1,1,0,1,2,1,50.0,17:47,14,Argentina,10.0,Agostina Burani,0,0.2,17,47,17.8
121426,153434,-16,False,2,0,2,0,4,3,0.75,6,2,0.333,10,5,0,0,,0,1,12,2,0,0,11,0,0,0.0,23:58,14,Argentina,8.0,Andrea Boquete,1,0.5,23,58,24.0
121426,170619,1,False,0,1,4,3,4,2,0.5,0,0,,4,2,4,1,0.25,0,2,5,4,1,0,6,2,1,50.0,12:54,14,Argentina,7.0,Diana Cabrera,0,0.5,12,54,12.9
121426,176450,-2,False,1,0,0,0,2,0,0.0,0,0,,2,0,0,0,,0,3,0,0,3,3,-1,1,0,0.0,16:44,14,Argentina,5.0,Flor Martinez,0,0.0,16,44,16.7
121426,214715,-9,False,2,0,1,0,7,1,0.143,3,0,0.0,10,1,0,0,,0,3,2,1,0,1,-5,4,1,25.0,21:36,14,Argentina,4.0,Amaiquen Siciliano,0,0.1,21,36,21.6
121426,200337,-12,False,1,2,3,0,7,2,0.286,1,0,0.0,8,2,0,0,,2,1,4,5,2,2,6,6,2,33.3,16:6,14,Argentina,3.0,Julieta Mungo,0,0.25,16,6,16.1
121435,235923,1,False,2,0,2,1,1,0,0.0,0,0,,1,0,2,1,0.5,0,2,1,2,0,0,3,1,0,0.0,7:11,104,Mexico,44.0,Katia Gallegos,0,0.0,7,11,7.2
121435,319490,1,False,0,0,0,0,0,0,,0,0,,0,0,0,0,,0,0,0,0,0,0,0,0,0,0.0,0:44,104,Mexico,33.0,Ariadna Vidales,0,,0,44,0.7
121435,268451,0,False,1,0,0,2,0,0,,2,0,0.0,2,0,2,1,0.5,0,2,1,0,2,1,0,0,0,0.0,15:27,104,Mexico,31.0,Mayra Gil,0,0.0,15,27,15.4
121435,213361,19,True,4,0,3,6,8,3,0.375,2,1,0.5,10,4,2,2,1.0,0,0,11,3,1,1,12,7,3,42.9,30:26,104,Mexico,22.0,Hazel Ramirez,1,0.4,30,26,30.4
121435,215141,13,True,2,0,4,1,2,1,0.5,1,0,0.0,3,1,2,2,1.0,2,1,4,6,1,1,10,2,1,50.0,23:42,104,Mexico,14.0,Alexia Lagunas,0,0.333,23,42,23.7
121435,168876,8,True,4,0,3,0,3,0,0.0,0,0,,3,0,0,0,,3,1,0,6,0,0,7,1,0,0.0,11:54,104,Mexico,13.0,Myriam Lara,0,0.0,11,54,11.9
121435,369234,14,True,2,0,4,2,11,5,0.455,8,3,0.375,19,8,4,3,0.75,1,1,22,5,0,3,14,9,4,44.4,31:6,104,Mexico,11.0,Gabriela Jaquez,1,0.421,31,6,31.1
121435,198453,18,True,0,0,1,0,0,0,,0,0,,0,0,0,0,,0,1,0,1,0,1,0,0,0,0.0,21:37,104,Mexico,10.0,Claudia Ramos,0,,21,37,21.6
121435,224418,-2,False,1,0,0,0,0,0,,1,0,0.0,1,0,0,0,,1,0,0,1,1,0,2,0,0,0.0,13:14,104,Mexico,7.0,Karla Martinez,0,0.0,13,14,13.2
121435,268370,13,False,0,3,4,6,9,6,0.667,3,1,0.333,12,7,10,9,0.9,2,2,24,6,0,2,25,8,6,75.0,23:15,104,Mexico,6.0,Mariana Valenzuela,1,0.583,23,15,23.2
121435,227782,-3,False,0,0,1,0,1,0,0.0,1,0,0.0,2,0,0,0,,0,2,0,1,0,0,-1,1,0,0.0,2:54,104,Mexico,5.0,Karina Esquer,0,0.0,2,54,2.9
121435,319031,3,False,0,0,3,3,10,4,0.4,0,0,,10,4,5,5,1.0,4,1,13,7,2,1,15,10,4,40.0,18:30,104,Mexico,2.0,Anisa Jeffreis,1,0.4,18,30,18.5
121435,186543,-1,False,0,0,0,0,0,0,,0,0,,0,0,0,0,,0,1,0,0,0,0,0,0,0,0.0,1:2,38,Chile,25.0,Catalina Abuyeres,0,,1,2,1.0
121435,235811,-15,False,0,0,4,2,3,1,0.333,12,6,0.5,15,7,4,4,1.0,0,3,24,4,3,3,20,2,1,50.0,26:45,38,Chile,22.0,Jovanka Ljubetic,1,0.467,26,45,26.8
121435,223051,-6,True,1,1,2,0,4,0,0.0,1,0,0.0,5,0,0,0,,1,2,0,3,0,1,-1,4,0,0.0,19:16,38,Chile,12.0,Constanza Cardenas,0,0.0,19,16,19.3
121435,260056,0,False,0,0,0,0,0,0,,0,0,,0,0,0,0,,0,0,0,0,0,0,0,0,0,0.0,0:0,38,Chile,11.0,Valentina Monzo,0,,0,0,0.0
121435,178361,-4,True,4,0,8,1,4,3,0.75,4,2,0.5,8,5,0,0,,0,2,12,8,1,3,19,3,2,66.7,32:23,38,Chile,10.0,Barbara Cousiño,1,0.625,32,23,32.4
121435,260050,-8,False,0,0,0,1,0,0,,0,0,,0,0,0,0,,0,2,0,0,0,1,-1,0,0,0.0,5:50,38,Chile,9.0,Catalina Ramirez,0,,5,50,5.8
121435,277480,-2,False,1,0,1,1,0,0,,0,0,,0,0,0,0,,0,1,0,1,0,0,2,0,0,0.0,10:57,38,Chile,8.0,Antonia Andaur,0,,10,57,11.0
121435,251604,-15,True,2,0,1,0,5,2,0.4,3,1,0.333,8,3,0,0,,0,3,7,1,0,2,3,3,1,33.3,27:34,38,Chile,7.0,Catalina Perez,0,0.375,27,34,27.6
121435,330308,-6,False,0,0,0,0,1,0,0.0,0,0,,1,0,0,0,,0,1,0,0,0,1,-2,1,0,0.0,5:29,38,Chile,4.0,Amanda Guineo,0,0.0,5,29,5.5
121435,230548,-17,True,1,0,5,1,5,0,0.0,3,2,0.667,8,2,0,0,,1,1,6,6,2,2,7,5,0,0.0,36:7,38,Chile,3.0,Valentina Ojeda,0,0.25,36,7,36.1
121435,221910,-7,True,2,0,5,7,5,3,0.6,2,0,0.0,7,3,6,4,0.667,1,4,10,6,0,3,9,5,3,60.0,31:26,38,Chile,2.0,Javiera Campos,1,0.429,31,26,31.4
121435,259930,-4,False,1,0,0,0,0,0,,0,0,,0,0,0,0,,0,1,0,0,0,0,1,0,0,0.0,3:11,38,Chile,1.0,Damaris Alarcon,0,,3,11,3.2
121436,318244,5,False,0,0,0,0,5,3,0.6,0,0,,5,3,0,0,,2,1,6,2,0,0,6,4,2,50.0,8:33,154,USA,15.0,Audi Crooks,0,0.6,8,33,8.6
121436,318117,26,False,2,1,5,1,6,3,0.5,0,0,,6,3,1,0,0.0,3,0,6,8,2,0,15,6,3,50.0,18:12,154,USA,14.0,Grace Van Slooten,0,0.5,18,12,18.2
121436,392661,9,True,1,0,6,4,5,1,0.2,0,0,,5,1,7,5,0.714,4,2,7,10,1,1,12,5,1,20.0,17:5,154,USA,13.0,Raegan Beers,0,0.2,17,5,17.1
121436,298813,18,True,1,1,4,2,13,5,0.385,0,0,,13,5,3,3,1.0,5,1,13,9,1,3,14,13,5,38.5,21:46,154,USA,12.0,Joyce Edwards,1,0.385,21,46,21.8
121436,320127,18,True,4,2,3,2,0,0,,2,1,0.5,2,1,0,0,,2,1,3,5,2,1,14,0,0,0.0,17:53,154,USA,11.0,Kennedy Smith,0,0.5,17,53,17.9
121436,394219,16,False,0,0,0,4,2,2,1.0,0,0,,2,2,3,1,0.333,5,3,5,5,1,1,8,2,2,100.0,14:24,154,USA,10.0,Hannah Stuelke,0,1.0,14,24,14.4
121436,392664,16,True,2,0,3,0,2,2,1.0,4,1,0.25,6,3,0,0,,0,0,7,3,0,1,8,2,2,100.0,15:55,154,USA,9.0,Gianna Kneepkens,0,0.5,15,55,15.9
121436,298282,14,False,1,0,2,1,4,2,0.5,1,0,0.0,5,2,2,1,0.5,0,0,5,2,2,4,2,2,1,50.0,18:23,154,USA,8.0,Madison Booker,0,0.4,18,23,18.4
121436,393527,20,False,2,1,2,2,2,1,0.5,8,3,0.375,10,4,5,4,0.8,0,4,15,2,2,1,14,2,1,50.0,20:4,154,USA,7.0,Mikayla Blakes,1,0.4,20,4,20.1
121436,319297,12,False,4,0,0,0,6,1,0.167,5,0,0.0,11,1,0,0,,1,1,2,1,1,0,-2,4,1,25.0,15:57,154,USA,6.0,Hannah Hidalgo,0,0.091,15,57,16.0
121436,268469,21,True,8,0,8,1,5,3,0.6,2,1,0.5,7,4,2,2,1.0,0,1,11,8,0,4,20,3,2,66.7,20:23,154,USA,5.0,Olivia Miles,1,0.571,20,23,20.4
121436,392454,10,False,0,1,1,0,3,0,0.0,2,0,0.0,5,0,0,0,,1,0,0,2,0,0,-2,1,0,0.0,11:25,154,USA,4.0,Flaujae Johnson,0,0.0,11,25,11.4
121436,189134,-9,False,0,0,0,0,0,0,,4,1,0.25,4,1,0,0,,0,1,3,0,1,1,0,0,0,0.0,10:19,40,Colombia,22.0,Esperanza Delgado,0,0.25,10,19,10.3
121436,214983,-22,False,1,0,1,2,0,0,,6,2,0.333,6,2,4,4,1.0,1,0,10,2,0,2,7,0,0,0.0,25:9,40,Colombia,21.0,Valentina Lopez,1,0.333,25,9,25.2
121436,230237,-19,True,0,1,1,3,4,1,0.25,4,0,0.0,8,1,2,2,1.0,1,2,4,2,0,0,0,2,0,0.0,18:31,40,Colombia,19.0,Daniela Gonzalez,0,0.125,18,31,18.5
121436,189132,-17,False,0,0,4,0,1,1,1.0,0,0,,1,1,0,0,,2,2,2,6,0,1,7,1,1,100.0,20:13,40,Colombia,14.0,Marlyn Vente,0,1.0,20,13,20.2
121436,163900,-13,True,0,0,1,0,4,1,0.25,3,1,0.333,7,2,0,0,,1,1,5,2,0,0,2,2,1,50.0,14:17,40,Colombia,12.0,Jenifer Muñoz,0,0.286,14,17,14.3
121436,160664,-11,True,0,0,2,0,1,0,0.0,3,0,0.0,4,0,0,0,,2,0,0,4,1,0,1,0,0,0.0,11:4,40,Colombia,10.0,Mabel Martínez,0,0.0,11,4,11.1
121436,193445,-14,True,2,1,1,2,8,2,0.25,0,0,,8,2,2,1,0.5,1,1,5,2,1,2,2,6,2,33.3,15:48,40,Colombia,9.0,Manuela Rios,0,0.25,15,48,15.8
121436,251137,-17,False,1,0,1,1,6,3,0.5,1,0,0.0,7,3,2,0,0.0,1,1,6,2,2,1,4,0,0,0.0,18:50,40,Colombia,8.0,Carolina Lopez,0,0.429,18,50,18.8
121436,214994,-21,False,1,0,0,2,7,0,0.0,2,1,0.5,9,1,2,1,0.5,0,1,4,0,1,3,-6,4,0,0.0,20:46,40,Colombia,7.0,Mayra Caicedo,0,0.111,20,46,20.8
121436,236912,-16,True,1,2,4,0,6,1,0.167,0,0,,6,1,0,0,,1,4,2,5,1,2,4,6,1,16.7,16:7,40,Colombia,6.0,Yuliany Paz,0,0.167,16,7,16.1
121436,278174,-6,False,0,0,0,1,1,0,0.0,0,0,,1,0,0,0,,0,1,0,0,0,0,-1,0,0,0.0,9:23,40,Colombia,5.0,Daihana Murillo,0,0.0,9,23,9.4
121436,314520,-20,False,0,4,2,3,0,0,,1,0,0.0,1,0,4,2,0.5,1,3,2,3,0,2,4,0,0,0.0,19:33,40,Colombia,0.0,Marta Moscarella,0,0.0,19,33,19.6
121427,221606,4,True,1,1,1,0,5,1,0.2,0,0,,5,1,0,0,,2,1,2,3,0,1,2,4,1,25.0,11:26,14,Argentina,23.0,Victoria Gauna,0,0.2,11,26,11.4
121427,159332,23,True,3,0,3,3,4,2,0.5,8,2,0.25,12,4,2,0,0.0,1,1,10,4,1,2,6,2,1,50.0,23:58,14,Argentina,20.0,Macarena D'urso,1,0.333,23,58,24.0
121427,277271,-2,False,0,0,0,0,0,0,,0,0,,0,0,0,0,,0,0,0,0,0,0,0,0,0,0.0,0:52,14,Argentina,19.0,Delfina Saravia,0,,0,52,0.9
121427,214723,23,True,2,1,3,7,1,0,0.0,16,6,0.375,17,6,8,5,0.625,2,3,23,5,2,1,18,1,0,0.0,26:49,14,Argentina,14.0,Florencia Chagas,1,0.353,26,49,26.8
121427,221605,2,False,3,0,1,0,2,1,0.5,1,0,0.0,3,1,0,0,,3,2,2,4,0,3,4,2,1,50.0,12:8,14,Argentina,13.0,Candela Gentinetta,0,0.333,12,8,12.1
121427,163689,11,True,4,0,1,1,3,1,0.333,2,0,0.0,5,1,0,0,,2,1,2,3,1,1,5,1,0,0.0,27:35,14,Argentina,11.0,Melisa Gretter,0,0.2,27,35,27.6
121427,153423,16,True,1,1,4,3,3,1,0.333,5,1,0.2,8,2,2,2,1.0,4,2,7,8,2,2,11,2,0,0.0,29:15,14,Argentina,10.0,Agostina Burani,0,0.25,29,15,29.2
121427,153434,-8,False,1,0,0,1,2,2,1.0,3,0,0.0,5,2,0,0,,0,4,4,0,1,1,2,0,0,0.0,11:40,14,Argentina,8.0,Andrea Boquete,0,0.4,11,40,11.7
121427,170619,13,False,0,0,10,4,5,3,0.6,0,0,,5,3,4,1,0.25,5,3,7,15,1,0,18,5,3,60.0,23:10,14,Argentina,7.0,Diana Cabrera,0,0.6,23,10,23.2
121427,176450,-3,False,1,0,0,0,1,0,0.0,1,0,0.0,2,0,0,0,,0,2,0,0,0,1,-2,1,0,0.0,10:9,14,Argentina,5.0,Flor Martinez,0,0.0,10,9,10.2
121427,214715,8,False,2,0,2,1,2,1,0.5,6,2,0.333,8,3,0,0,,0,1,8,2,0,3,4,2,1,50.0,12:11,14,Argentina,4.0,Amaiquen Siciliano,0,0.375,12,11,12.2
121427,200337,-7,False,0,0,1,0,1,1,1.0,2,0,0.0,3,1,0,0,,2,3,2,3,0,1,2,1,1,100.0,10:47,14,Argentina,3.0,Julieta Mungo,0,0.333,10,47,10.8
121427,394173,0,False,0,0,0,0,0,0,,0,0,,0,0,0,0,,0,0,0,0,0,0,0,0,0,0.0,0:0,51,Dominican Republic,44.0,Ileana Sosa,0,,0,0,0.0
121427,269965,-18,False,0,0,1,0,1,0,0.0,0,0,,1,0,0,0,,2,1,0,3,0,0,2,1,0,0.0,14:13,51,Dominican Republic,24.0,Hellary De Los Santos,0,0.0,14,13,14.2
121427,205219,0,False,1,0,3,2,4,1,0.25,1,0,0.0,5,1,2,0,0.0,3,4,2,6,0,2,1,4,1,25.0,20:45,51,Dominican Republic,21.0,Anyi Hodge,0,0.2,20,45,20.8
121427,235951,-3,False,2,0,2,0,2,2,1.0,2,1,0.5,4,3,0,0,,0,0,7,2,0,3,7,1,1,100.0,17:22,51,Dominican Republic,15.0,Yirsy Queliz,0,0.75,17,22,17.4
121427,239986,-6,True,1,1,6,1,4,1,0.25,0,0,,4,1,0,0,,0,4,2,6,1,2,6,2,0,0.0,29:27,51,Dominican Republic,13.0,Giocelis Reynoso,0,0.25,29,27,29.4
121427,394212,-8,True,0,1,1,1,3,2,0.667,0,0,,3,2,2,1,0.5,0,1,5,1,0,1,4,2,2,100.0,20:37,51,Dominican Republic,9.0,Madelyn  Batista,0,0.667,20,37,20.6
121427,176174,1,False,0,0,0,1,1,0,0.0,0,0,,1,0,0,0,,1,0,0,1,0,1,-1,1,0,0.0,4:11,51,Dominican Republic,8.0,Yamel Abreu,0,0.0,4,11,4.2
121427,162321,-5,False,1,0,1,1,5,1,0.2,5,2,0.4,10,3,2,1,0.5,0,2,9,1,1,2,2,2,1,50.0,16:9,51,Dominican Republic,7.0,Genesis Evangelista,0,0.3,16,9,16.2
121427,205230,-4,True,1,0,1,3,1,0,0.0,0,0,,1,0,4,2,0.5,0,3,2,1,0,2,-1,1,0,0.0,8:45,51,Dominican Republic,6.0,Yenifer Jimenez,0,0.0,8,45,8.8
121427,144776,-2,True,1,0,1,1,5,1,0.2,1,0,0.0,6,1,3,3,1.0,0,3,5,1,2,2,2,3,0,0.0,21:12,51,Dominican Republic,5.0,Yohanna Morton,0,0.167,21,12,21.2
121427,269961,-17,True,1,0,3,9,5,0,0.0,7,3,0.429,12,3,13,8,0.615,0,2,17,3,2,4,5,2,0,0.0,31:11,51,Dominican Republic,3.0,Cesarina Capellan,1,0.25,31,11,31.2
121427,269964,-18,False,1,0,1,3,1,0,0.0,1,0,0.0,2,0,6,2,0.333,3,0,2,4,1,1,1,1,0,0.0,16:8,51,Dominican Republic,1.0,Glorivel Rodriguez,0,0.0,16,8,16.1
121428,296041,-3,False,0,0,0,0,1,0,0.0,0,0,,1,0,0,0,,0,0,0,0,0,0,-1,1,0,0.0,4:25,27,Brazil,30.0,Catarina Ferreira,0,0.0,4,25,4.4
121428,193492,-3,False,0,0,0,0,0,0,,1,0,0.0,1,0,0,0,,0,1,0,0,0,0,-1,0,0,0.0,2:6,27,Brazil,26.0,Thayna Silva,0,0.0,2,6,2.1
121428,178708,7,True,4,0,3,2,2,1,0.5,3,1,0.333,5,2,3,2,0.667,0,4,7,3,0,4,6,2,1,50.0,23:30,27,Brazil,24.0,Alana Gonçalo,0,0.4,23,30,23.5
121428,186510,18,True,3,1,4,3,6,2,0.333,3,1,0.333,9,3,6,4,0.667,1,2,11,5,3,5,10,5,2,40.0,32:54,27,Brazil,22.0,Vitoria Marcelino,1,0.333,32,54,32.9
121428,259742,0,False,0,0,0,0,0,0,,0,0,,0,0,0,0,,0,0,0,0,0,0,0,0,0,0.0,0:0,27,Brazil,21.0,Manu Alves,0,,0,0,0.0
121428,200399,-4,False,2,0,0,0,0,0,,0,0,,0,0,0,0,,0,2,0,0,0,0,2,0,0,0.0,3:35,27,Brazil,18.0,Aline Moura,0,,3,35,3.6
121428,175283,2,False,4,0,0,0,3,1,0.333,0,0,,3,1,0,0,,0,3,2,0,0,3,1,3,1,33.3,16:30,27,Brazil,17.0,Cacá Martins,0,0.333,16,30,16.5
121428,172947,15,True,2,0,12,9,9,4,0.444,3,1,0.333,12,5,12,9,0.75,2,1,20,14,1,1,26,5,4,80.0,37:17,27,Brazil,12.0,Damiris Dantas,1,0.417,37,17,37.3
121428,215026,-5,False,4,0,5,2,0,0,,4,2,0.5,4,2,0,0,,0,3,6,5,1,0,14,0,0,0.0,19:45,27,Brazil,11.0,Emanuely De Oliveira,0,0.5,19,45,19.8
121428,215036,10,True,2,5,7,5,14,6,0.429,0,0,,14,6,7,7,1.0,4,1,19,11,3,2,30,12,6,50.0,37:2,27,Brazil,10.0,Kamilla Cardoso,1,0.429,37,2,37.0
121428,392716,8,True,2,0,1,2,5,2,0.4,4,1,0.25,9,3,2,2,1.0,1,0,9,2,0,1,6,3,1,33.3,22:56,27,Brazil,8.0,Bella Nascimento,0,0.333,22,56,22.9
121428,368432,0,False,0,0,0,0,0,0,,0,0,,0,0,0,0,,0,0,0,0,0,0,0,0,0,0.0,0:0,27,Brazil,5.0,Ayla McDowell,0,,0,0,0.0
121428,298515,4,True,5,0,3,6,6,1,0.167,4,2,0.5,10,3,8,6,0.75,0,1,14,3,2,3,12,3,0,0.0,28:9,34,Canada,30.0,Shayeann Day-Wilson,1,0.3,28,9,28.2
121428,323517,5,False,1,0,1,0,1,1,1.0,0,0,,1,1,0,0,,2,4,2,3,0,0,6,1,1,100.0,9:13,34,Canada,15.0,Phillipina Kyei,0,1.0,9,13,9.2
121428,161433,-13,True,2,3,10,1,14,4,0.286,0,0,,14,4,2,2,1.0,2,3,10,12,2,3,16,5,2,40.0,37:13,34,Canada,14.0,Kayla Alexander,1,0.286,37,13,37.2
121428,235589,2,False,1,0,1,1,1,0,0.0,2,1,0.5,3,1,2,2,1.0,0,0,5,1,2,0,7,1,0,0.0,12:5,34,Canada,13.0,Merissah Russell,0,0.333,12,5,12.1
121428,320676,-1,False,0,0,2,1,2,0,0.0,1,1,1.0,3,1,0,0,,1,1,3,3,1,5,0,0,0,0.0,15:12,34,Canada,12.0,Syla Swords,0,0.333,15,12,15.2
121428,188566,-2,False,0,0,0,0,0,0,,0,0,,0,0,0,0,,0,0,0,0,0,0,0,0,0,0.0,1:20,34,Canada,10.0,Emily Potter,0,,1,20,1.3
121428,172742,-6,True,0,0,4,2,1,0,0.0,0,0,,1,0,0,0,,0,5,0,4,0,0,3,0,0,0.0,11:41,34,Canada,9.0,Yvonne Ejim,0,0.0,11,41,11.7
121428,266912,1,False,1,0,0,1,1,1,1.0,2,0,0.0,3,1,3,2,0.667,2,3,4,2,0,0,4,1,1,100.0,14:46,34,Canada,8.0,Tara Wallack,0,0.333,14,46,14.8
121428,217042,1,False,0,1,0,0,0,0,,0,0,,0,0,0,0,,0,1,0,0,0,0,1,0,0,0.0,2:33,34,Canada,7.0,Niyah Becker,0,,2,33,2.6
121428,188714,-15,True,1,0,2,2,5,0,0.0,7,2,0.286,12,2,4,4,1.0,1,0,10,3,0,1,3,5,0,0.0,29:11,34,Canada,4.0,Sami Hill,1,0.167,29,11,29.2
121428,297698,-6,False,1,0,2,0,3,2,0.667,2,1,0.5,5,3,0,0,,0,3,7,2,2,0,10,2,2,100.0,10:5,34,Canada,3.0,Delaney Gibb,0,0.6,10,5,10.1
121428,196900,-15,True,2,0,1,3,9,3,0.333,5,1,0.2,14,4,1,1,1.0,0,2,10,1,0,3,0,4,2,50.0,28:32,34,Canada,2.0,Shay Colley,1,0.286,28,32,28.5
121437,189134,4,False,1,0,4,0,0,0,,0,0,,0,0,0,0,,0,0,0,4,0,1,4,0,0,0.0,8:40,40,Colombia,22.0,Esperanza Delgado,0,,8,40,8.7
121437,214983,-3,False,1,0,1,0,5,4,0.8,3,1,0.333,8,5,0,0,,2,0,11,3,0,0,12,4,4,100.0,23:50,40,Colombia,21.0,Valentina Lopez,1,0.625,23,50,23.8
121437,230237,10,True,0,2,5,3,0,0,,2,1,0.5,2,1,4,1,0.25,1,4,4,6,1,0,9,0,0,0.0,21:19,40,Colombia,19.0,Daniela Gonzalez,0,0.5,21,19,21.3
121437,189132,-2,False,1,0,2,0,2,1,0.5,0,0,,2,1,0,0,,2,1,2,4,1,0,7,2,1,50.0,17:19,40,Colombia,14.0,Marlyn Vente,0,0.5,17,19,17.3
121437,163900,6,True,5,0,6,2,9,1,0.111,2,1,0.5,11,2,4,4,1.0,0,0,9,6,0,0,11,3,1,33.3,31:16,40,Colombia,12.0,Jenifer Muñoz,0,0.182,31,16,31.3
121437,160664,14,True,2,0,3,0,1,0,0.0,5,3,0.6,6,3,0,0,,0,1,9,3,0,0,11,0,0,0.0,20:31,40,Colombia,10.0,Mabel Martínez,0,0.5,20,31,20.5
121437,193445,12,True,3,0,3,2,11,4,0.364,3,1,0.333,14,5,1,1,1.0,1,2,12,4,3,4,9,8,3,37.5,30:52,40,Colombia,9.0,Manuela Rios,1,0.357,30,52,30.9
121437,251137,-4,False,3,0,0,1,4,1,0.25,0,0,,4,1,0,0,,0,2,2,0,1,4,-1,1,0,0.0,8:21,40,Colombia,8.0,Carolina Lopez,0,0.25,8,21,8.4
121437,214994,-7,False,0,0,2,4,1,0,0.0,1,0,0.0,2,0,4,2,0.5,0,2,2,2,1,0,1,1,0,0.0,8:12,40,Colombia,7.0,Mayra Caicedo,0,0.0,8,12,8.2
121437,236912,11,True,0,0,5,2,14,5,0.357,1,0,0.0,15,5,2,1,0.5,3,2,11,8,0,2,6,13,5,38.5,19:53,40,Colombia,6.0,Yuliany Paz,1,0.333,19,53,19.9
121437,278174,0,False,0,0,0,0,0,0,,0,0,,0,0,0,0,,0,0,0,0,0,0,0,0,0,0.0,0:0,40,Colombia,5.0,Daihana Murillo,0,,0,0,0.0
121437,314520,14,False,1,2,3,3,3,1,0.333,2,2,1.0,5,3,2,1,0.5,2,3,9,5,0,0,14,3,1,33.3,9:47,40,Colombia,0.0,Marta Moscarella,0,0.6,9,47,9.8
121437,235923,-5,False,2,0,1,2,3,0,0.0,1,0,0.0,4,0,0,0,,1,2,0,2,1,1,0,3,0,0.0,13:17,104,Mexico,44.0,Katia Gallegos,0,0.0,13,17,13.3
121437,319490,7,False,1,0,1,0,0,0,,0,0,,0,0,0,0,,0,2,0,1,0,0,2,0,0,0.0,5:1,104,Mexico,33.0,Ariadna Vidales,0,,5,1,5.0
121437,268451,9,False,0,0,3,1,2,0,0.0,2,1,0.5,4,1,2,1,0.5,1,3,4,4,1,0,5,2,0,0.0,13:4,104,Mexico,31.0,Mayra Gil,0,0.25,13,4,13.1
121437,213361,-10,True,3,0,1,2,7,3,0.429,7,3,0.429,14,6,0,0,,1,1,15,2,1,1,12,3,2,66.7,36:0,104,Mexico,22.0,Hazel Ramirez,1,0.429,36,0,36.0
121437,215141,-11,True,0,0,0,0,3,2,0.667,1,1,1.0,4,3,0,0,,0,0,7,0,2,1,7,3,2,66.7,15:37,104,Mexico,14.0,Alexia Lagunas,0,0.75,15,37,15.6
121437,168876,-11,True,1,0,2,1,5,0,0.0,0,0,,5,0,2,1,0.5,0,0,1,2,0,0,-2,4,0,0.0,14:33,104,Mexico,13.0,Myriam Lara,0,0.0,14,33,14.6
121437,369234,-16,True,1,0,8,3,7,2,0.286,5,0,0.0,12,2,6,4,0.667,2,5,8,10,1,3,5,6,1,16.7,26:50,104,Mexico,11.0,Gabriela Jaquez,0,0.167,26,50,26.8
121437,198453,-14,True,1,1,4,1,3,0,0.0,2,1,0.5,5,1,0,0,,2,0,3,6,0,2,5,1,0,0.0,19:33,104,Mexico,10.0,Claudia Ramos,0,0.2,19,33,19.6
121437,224418,-12,False,0,0,0,0,1,0,0.0,2,0,0.0,3,0,0,0,,0,1,0,0,0,2,-5,0,0,0.0,10:25,104,Mexico,7.0,Karla Martinez,0,0.0,10,25,10.4
121437,268370,3,False,1,1,3,1,9,1,0.111,5,1,0.2,14,2,2,2,1.0,2,0,7,5,0,0,2,9,1,11.1,24:10,104,Mexico,6.0,Mariana Valenzuela,0,0.143,24,10,24.2
121437,227782,0,False,0,0,0,0,0,0,,0,0,,0,0,0,0,,0,0,0,0,0,0,0,0,0,0.0,0:0,104,Mexico,5.0,Karina Esquer,0,,0,0,0.0
121437,319031,5,False,1,0,7,6,8,6,0.75,2,0,0.0,10,6,6,3,0.5,4,3,15,11,1,2,19,8,6,75.0,21:30,104,Mexico,2.0,Anisa Jeffreis,1,0.6,21,30,21.5
121438,289878,-15,False,0,0,0,0,0,0,,3,0,0.0,3,0,0,0,,0,0,0,0,0,0,-3,0,0,0.0,12:45,125,Puerto Rico,55.0,Jacqueline Benitez,0,0.0,12,45,12.8
121438,225517,-4,True,2,0,3,0,5,3,0.6,1,1,1.0,6,4,0,0,,2,0,9,5,0,2,12,5,3,60.0,18:38,125,Puerto Rico,33.0,India Pagan,0,0.667,18,38,18.6
121438,295609,-13,False,0,0,1,2,3,1,0.333,1,1,1.0,4,2,3,3,1.0,0,2,8,1,0,2,5,3,1,33.3,15:15,125,Puerto Rico,25.0,Denise Solis,0,0.5,15,15,15.2
121438,323904,1,True,3,0,3,1,6,4,0.667,1,0,0.0,7,4,2,2,1.0,0,2,10,3,3,2,16,4,3,75.0,19:33,125,Puerto Rico,23.0,Trinity San Antonio,1,0.571,19,33,19.6
121438,236841,-2,True,4,1,3,6,8,2,0.25,3,1,0.333,11,3,6,5,0.833,1,2,12,4,0,3,7,4,1,25.0,23:53,125,Puerto Rico,22.0,Arella Guirantes,1,0.273,23,53,23.9
121438,314595,2,True,0,0,3,2,6,2,0.333,1,1,1.0,7,3,2,1,0.5,1,4,8,4,4,3,8,2,2,100.0,23:32,125,Puerto Rico,21.0,Mya Hollingshed,0,0.429,23,32,23.5
121438,393526,-14,False,2,0,2,0,4,2,0.5,5,2,0.4,9,4,0,0,,2,0,10,4,1,0,12,2,1,50.0,15:31,125,Puerto Rico,15.0,Angelica Velez,1,0.444,15,31,15.5
121438,295611,-6,False,1,0,0,1,2,0,0.0,1,0,0.0,3,0,0,0,,0,0,0,0,0,0,-2,1,0,0.0,8:32,125,Puerto Rico,12.0,Ahlana Smith,0,0.0,8,32,8.5
121438,188776,-8,False,0,0,2,1,0,0,,1,0,0.0,1,0,0,0,,0,1,0,2,0,2,-1,0,0,0.0,12:57,125,Puerto Rico,11.0,Sofia Roma,0,0.0,12,57,13.0
121438,147107,-11,False,0,0,1,1,2,0,0.0,4,1,0.25,6,1,2,2,1.0,0,1,5,1,1,1,1,0,0,0.0,14:1,125,Puerto Rico,5.0,Pamela Rosado,0,0.167,14,1,14.0
121438,291149,-13,True,0,0,4,1,2,0,0.0,2,0,0.0,4,0,0,0,,2,0,0,6,0,1,1,0,0,0.0,22:21,125,Puerto Rico,2.0,Brianna Jones,0,0.0,22,21,22.4
121438,181909,-15,False,1,0,0,0,0,0,,1,0,0.0,1,0,0,0,,0,1,0,0,1,2,-1,0,0,0.0,13:2,125,Puerto Rico,1.0,Tayra Melendez,0,0.0,13,2,13.0
121438,318244,0,False,0,0,0,0,0,0,,0,0,,0,0,0,0,,0,0,0,0,0,0,0,0,0,0.0,0:47,154,USA,15.0,Audi Crooks,0,,0,47,0.8
121438,318117,17,False,1,0,5,2,7,4,0.571,0,0,,7,4,2,1,0.5,2,0,9,7,1,2,12,7,4,57.1,21:13,154,USA,14.0,Grace Van Slooten,0,0.571,21,13,21.2
121438,392661,2,False,1,0,1,2,3,2,0.667,0,0,,3,2,4,4,1.0,2,2,8,3,0,2,9,3,2,66.7,12:25,154,USA,13.0,Raegan Beers,0,0.667,12,25,12.4
121438,298813,-1,True,2,0,3,1,9,4,0.444,1,0,0.0,10,4,2,1,0.5,1,0,9,4,4,0,12,8,4,50.0,20:25,154,USA,12.0,Joyce Edwards,0,0.4,20,25,20.4
121438,320127,-4,True,0,0,0,0,0,0,,3,0,0.0,3,0,0,0,,0,2,0,0,1,2,-4,0,0,0.0,14:20,154,USA,11.0,Kennedy Smith,0,0.0,14,20,14.3
121438,394219,21,False,2,0,3,2,1,1,1.0,0,0,,1,1,4,2,0.5,0,0,4,3,0,0,7,1,1,100.0,15:9,154,USA,10.0,Hannah Stuelke,0,1.0,15,9,15.2
121438,392664,23,False,0,0,3,0,3,1,0.333,5,4,0.8,8,5,0,0,,0,3,14,3,0,1,13,1,0,0.0,19:38,154,USA,9.0,Gianna Kneepkens,1,0.625,19,38,19.6
121438,298282,4,True,5,3,1,1,2,2,1.0,3,1,0.333,5,3,2,2,1.0,1,2,9,2,2,2,17,0,0,0.0,20:10,154,USA,8.0,Madison Booker,0,0.6,20,10,20.2
121438,393527,-3,True,4,1,1,3,2,0,0.0,4,0,0.0,6,0,5,3,0.6,1,2,3,2,3,3,2,1,0,0.0,26:15,154,USA,7.0,Mikayla Blakes,0,0.0,26,15,26.2
121438,319297,-6,True,3,0,2,1,5,3,0.6,2,1,0.5,7,4,1,1,1.0,1,1,10,3,2,2,13,5,3,60.0,18:37,154,USA,6.0,Hannah Hidalgo,1,0.571,18,37,18.6
121438,268469,23,False,8,0,7,1,3,2,0.667,2,1,0.5,5,3,2,2,1.0,0,3,9,7,1,2,21,2,2,100.0,21:2,154,USA,5.0,Olivia Miles,0,0.6,21,2,21.0
121438,392454,14,False,1,1,3,0,3,1,0.333,2,1,0.5,5,2,0,0,,1,0,5,4,0,2,6,1,0,0.0,9:59,154,USA,4.0,Flaujae Johnson,0,0.4,9,59,10.0
121429,394173,1,False,0,0,0,0,1,0,0.0,0,0,,1,0,0,0,,0,0,0,0,1,1,-1,1,0,0.0,2:48,51,Dominican Republic,44.0,Ileana Sosa,0,0.0,2,48,2.8
121429,269965,-13,True,1,0,5,2,4,0,0.0,0,0,,4,0,2,1,0.5,3,2,1,8,2,1,6,3,0,0.0,15:32,51,Dominican Republic,24.0,Hellary De Los Santos,0,0.0,15,32,15.5
121429,205219,-10,False,1,0,4,2,4,0,0.0,2,1,0.5,6,1,2,1,0.5,1,1,4,5,0,1,3,3,0,0.0,15:59,51,Dominican Republic,21.0,Anyi Hodge,0,0.167,15,59,16.0
121429,235951,-8,False,0,0,3,0,2,1,0.5,3,1,0.333,5,2,1,0,0.0,0,1,5,3,0,2,2,2,1,50.0,14:12,51,Dominican Republic,15.0,Yirsy Queliz,0,0.4,14,12,14.2
121429,239986,-8,True,2,0,5,0,5,0,0.0,0,0,,5,0,0,0,,1,5,0,6,0,1,2,4,0,0.0,21:23,51,Dominican Republic,13.0,Giocelis Reynoso,0,0.0,21,23,21.4
121429,394212,-36,False,0,2,3,2,2,1,0.5,0,0,,2,1,0,0,,1,2,2,4,1,3,5,2,1,50.0,27:38,51,Dominican Republic,9.0,Madelyn  Batista,0,0.5,27,38,27.6
121429,176174,-1,False,0,0,1,1,3,2,0.667,1,0,0.0,4,2,0,0,,3,0,4,4,0,0,6,3,2,66.7,20:52,51,Dominican Republic,8.0,Yamel Abreu,0,0.5,20,52,20.9
121429,162321,-15,False,0,0,0,0,1,0,0.0,4,0,0.0,5,0,0,0,,0,2,0,0,0,0,-5,0,0,0.0,13:32,51,Dominican Republic,7.0,Genesis Evangelista,0,0.0,13,32,13.5
121429,205230,-16,True,1,0,1,1,1,0,0.0,4,1,0.25,5,1,0,0,,0,1,3,1,0,2,-1,1,0,0.0,13:57,51,Dominican Republic,6.0,Yenifer Jimenez,0,0.2,13,57,14.0
121429,144776,-7,True,2,0,3,4,13,5,0.385,3,0,0.0,16,5,7,4,0.571,0,1,14,3,0,1,4,9,2,22.2,24:48,51,Dominican Republic,5.0,Yohanna Morton,1,0.312,24,48,24.8
121429,269961,-19,True,2,0,1,4,4,0,0.0,8,2,0.25,12,2,2,2,1.0,0,0,8,1,0,4,-3,3,0,0.0,17:28,51,Dominican Republic,3.0,Cesarina Capellan,0,0.167,17,28,17.5
121429,269964,-3,False,1,0,2,1,6,2,0.333,1,0,0.0,7,2,2,1,0.5,1,1,5,3,2,3,2,6,2,33.3,11:50,51,Dominican Republic,1.0,Glorivel Rodriguez,0,0.286,11,50,11.8
121429,296041,-3,False,2,0,1,3,2,0,0.0,0,0,,2,0,4,2,0.5,1,1,2,2,0,1,1,2,0,0.0,20:32,27,Brazil,30.0,Catarina Ferreira,0,0.0,20,32,20.5
121429,193492,10,False,1,0,7,1,5,3,0.6,2,1,0.5,7,4,2,0,0.0,1,0,9,8,6,3,16,4,3,75.0,20:21,27,Brazil,26.0,Thayna Silva,0,0.571,20,21,20.4
121429,178708,14,True,2,0,1,0,0,0,,1,1,1.0,1,1,0,0,,0,1,3,1,2,0,8,0,0,0.0,11:11,27,Brazil,24.0,Alana Gonçalo,0,1.0,11,11,11.2
121429,186510,12,True,2,0,2,0,2,2,1.0,2,0,0.0,4,2,0,0,,0,2,4,2,1,0,7,2,2,100.0,9:52,27,Brazil,22.0,Vitoria Marcelino,0,0.5,9,52,9.9
121429,259742,-2,False,0,2,3,0,7,2,0.286,2,0,0.0,9,2,0,0,,1,5,4,4,0,2,1,7,2,28.6,14:23,27,Brazil,21.0,Manu Alves,0,0.222,14,23,14.4
121429,200399,17,False,1,1,6,3,3,2,0.667,3,1,0.333,6,3,6,5,0.833,0,1,12,6,2,0,18,3,2,66.7,19:17,27,Brazil,18.0,Aline Moura,1,0.5,19,17,19.3
121429,175283,13,False,5,0,5,2,2,1,0.5,0,0,,2,1,2,0,0.0,0,1,2,5,1,1,9,1,1,100.0,18:17,27,Brazil,17.0,Cacá Martins,0,0.5,18,17,18.3
121429,172947,14,True,0,1,2,0,8,5,0.625,2,0,0.0,10,5,0,0,,0,2,10,2,0,1,7,6,4,66.7,13:34,27,Brazil,12.0,Damiris Dantas,1,0.5,13,34,13.6
121429,215026,16,False,3,0,3,0,1,1,1.0,4,1,0.25,5,2,0,0,,0,0,5,3,0,0,8,1,1,100.0,17:16,27,Brazil,11.0,Emanuely De Oliveira,0,0.4,17,16,17.3
121429,215036,15,True,1,2,3,2,2,2,1.0,0,0,,2,2,2,2,1.0,1,0,6,4,0,0,13,2,2,100.0,12:25,27,Brazil,10.0,Kamilla Cardoso,0,1.0,12,25,12.4
121429,392716,30,True,7,0,1,1,3,1,0.333,9,4,0.444,12,5,1,0,0.0,0,2,14,1,1,2,13,1,1,100.0,25:3,27,Brazil,8.0,Bella Nascimento,1,0.417,25,3,25.0
121429,368432,-1,False,0,0,1,4,1,0,0.0,4,0,0.0,5,0,4,2,0.5,1,2,2,2,3,2,-2,0,0,0.0,17:49,27,Brazil,5.0,Ayla McDowell,0,0.0,17,49,17.8
121430,239401,-1,True,0,0,5,5,10,6,0.6,1,0,0.0,11,6,4,4,1.0,1,5,16,6,0,4,13,9,5,55.6,31:12,54,El Salvador,44.0,Brandi Harvey-Carr,1,0.545,31,12,31.2
121430,266073,-6,True,0,0,1,0,2,1,0.5,2,0,0.0,4,1,0,0,,1,3,2,2,0,1,0,2,1,50.0,15:50,54,El Salvador,24.0,Gabriela Alfaro,0,0.25,15,50,15.8
121430,223293,-12,True,5,1,13,7,14,6,0.429,0,0,,14,6,6,2,0.333,0,3,14,13,1,1,21,10,4,40.0,38:20,54,El Salvador,22.0,Kimberly Villalobos,1,0.429,38,20,38.3
121430,209055,1,False,1,0,0,0,1,0,0.0,0,0,,1,0,0,0,,1,0,0,1,1,0,2,0,0,0.0,13:51,54,El Salvador,16.0,Fátima Avilés,0,0.0,13,51,13.8
121430,181560,-11,False,1,0,2,2,3,2,0.667,1,0,0.0,4,2,3,3,1.0,1,1,7,3,0,1,8,3,2,66.7,19:40,54,El Salvador,14.0,Adriana Rivas,0,0.5,19,40,19.7
121430,209053,0,False,0,0,0,0,0,0,,0,0,,0,0,0,0,,0,0,0,0,0,0,0,0,0,0.0,0:0,54,El Salvador,11.0,Elisa Domínguez,0,,0,0,0.0
121430,293205,-20,True,1,0,2,1,5,0,0.0,2,0,0.0,7,0,2,0,0.0,0,3,0,2,0,1,-7,5,0,0.0,26:48,54,El Salvador,10.0,Emily Tevez,0,0.0,26,48,26.8
121430,250001,-12,False,0,0,0,0,0,0,,0,0,,0,0,0,0,,0,0,0,0,0,0,0,0,0,0.0,3:6,54,El Salvador,9.0,Silvia Vega,0,,3,6,3.1
121430,294819,-11,False,0,0,0,0,1,0,0.0,0,0,,1,0,0,0,,0,2,0,0,0,1,-2,1,0,0.0,6:20,54,El Salvador,8.0,Gabriela Escobar,0,0.0,6,20,6.3
121430,200045,-6,False,0,0,0,0,0,0,,0,0,,0,0,0,0,,0,1,0,0,0,0,0,0,0,0.0,5:42,54,El Salvador,7.0,Liliana Alvarado,0,,5,42,5.7
121430,276288,0,False,0,0,0,0,0,0,,0,0,,0,0,0,0,,0,0,0,0,0,0,0,0,0,0.0,0:0,54,El Salvador,5.0,Ana Quijano,0,,0,0,0.0
121430,188447,-17,True,2,0,7,4,11,5,0.455,3,2,0.667,14,7,2,2,1.0,1,2,18,8,1,2,20,9,3,33.3,39:10,54,El Salvador,4.0,Hillary Martínez,1,0.5,39,10,39.2
121430,221606,0,False,1,0,2,3,0,0,,1,0,0.0,1,0,6,6,1.0,3,3,6,5,1,2,10,0,0,0.0,15:55,14,Argentina,23.0,Victoria Gauna,0,0.0,15,55,15.9
121430,159332,6,True,2,0,1,3,2,0,0.0,7,3,0.429,9,3,2,2,1.0,2,1,11,3,0,0,10,1,0,0.0,20:57,14,Argentina,20.0,Macarena D'urso,1,0.333,20,57,21.0
121430,277271,9,False,0,0,0,0,2,0,0.0,1,1,1.0,3,1,0,0,,0,2,3,0,0,0,1,0,0,0.0,11:54,14,Argentina,19.0,Delfina Saravia,0,0.333,11,54,11.9
121430,214723,7,True,1,0,2,2,0,0,,9,2,0.222,9,2,1,0,0.0,0,0,6,2,1,0,2,0,0,0.0,17:41,14,Argentina,14.0,Florencia Chagas,0,0.222,17,41,17.7
121430,221605,25,False,0,0,1,1,3,2,0.667,1,0,0.0,4,2,2,1,0.5,0,3,5,1,0,0,3,3,2,66.7,25:16,14,Argentina,13.0,Candela Gentinetta,0,0.5,25,16,25.3
121430,163689,18,True,8,0,6,2,1,0,0.0,3,1,0.333,4,1,2,2,1.0,0,0,5,6,0,1,15,1,0,0.0,24:18,14,Argentina,11.0,Melisa Gretter,0,0.25,24,18,24.3
121430,153423,0,False,0,0,0,0,0,0,,0,0,,0,0,0,0,,0,0,0,0,0,0,0,0,0,0.0,0:0,14,Argentina,10.0,Agostina Burani,0,,0,0,0.0
121430,153434,6,False,1,0,2,0,4,2,0.5,5,2,0.4,9,4,0,0,,1,1,10,3,1,1,9,0,0,0.0,20:13,14,Argentina,8.0,Andrea Boquete,1,0.444,20,13,20.2
121430,170619,21,True,3,1,9,7,13,6,0.462,0,0,,13,6,3,2,0.667,6,2,14,15,0,0,25,12,5,41.7,23:25,14,Argentina,7.0,Diana Cabrera,1,0.462,23,25,23.4
121430,176450,8,False,2,0,1,1,0,0,,0,0,,0,0,0,0,,0,2,0,1,0,0,3,0,0,0.0,9:29,14,Argentina,5.0,Flor Martinez,0,,9,29,9.5
121430,214715,1,False,3,0,1,0,3,2,0.667,7,1,0.143,10,3,0,0,,0,2,7,1,0,1,3,2,2,100.0,15:52,14,Argentina,4.0,Amaiquen Siciliano,0,0.3,15,52,15.9
121430,200337,-6,True,2,0,1,1,3,2,0.667,2,1,0.5,5,3,2,2,1.0,0,3,9,1,1,0,11,3,2,66.7,15:0,14,Argentina,3.0,Julieta Mungo,0,0.6,15,0,15.0
121439,235923,-6,False,0,0,0,0,1,0,0.0,0,0,,1,0,0,0,,1,1,0,1,1,0,1,0,0,0.0,3:30,104,Mexico,44.0,Katia Gallegos,0,0.0,3,30,3.5
121439,319490,1,False,1,0,0,0,0,0,,0,0,,0,0,0,0,,0,0,0,0,0,0,1,0,0,0.0,2:34,104,Mexico,33.0,Ariadna Vidales,0,,2,34,2.6
121439,268451,-19,True,2,0,0,0,2,1,0.5,2,0,0.0,4,1,0,0,,1,0,2,1,2,1,3,2,1,50.0,15:7,104,Mexico,31.0,Mayra Gil,0,0.25,15,7,15.1
121439,213361,-7,True,1,0,2,1,8,4,0.5,2,0,0.0,10,4,0,0,,1,0,8,3,0,4,2,5,3,60.0,30:32,104,Mexico,22.0,Hazel Ramirez,0,0.4,30,32,30.5
121439,215141,1,False,0,0,1,0,2,0,0.0,1,0,0.0,3,0,0,0,,1,0,0,2,2,0,1,1,0,0.0,15:21,104,Mexico,14.0,Alexia Lagunas,0,0.0,15,21,15.4
121439,168876,-7,False,1,0,1,0,8,2,0.25,0,0,,8,2,0,0,,2,3,4,3,2,1,3,4,1,25.0,14:7,104,Mexico,13.0,Myriam Lara,0,0.25,14,7,14.1
121439,369234,-13,True,1,0,2,3,12,4,0.333,5,2,0.4,17,6,1,1,1.0,2,1,15,4,1,0,10,8,4,50.0,25:21,104,Mexico,11.0,Gabriela Jaquez,1,0.353,25,21,25.4
121439,198453,-12,False,4,2,6,2,8,3,0.375,6,2,0.333,14,5,2,2,1.0,2,2,14,8,0,4,15,4,2,50.0,30:9,104,Mexico,10.0,Claudia Ramos,1,0.357,30,9,30.2
121439,224418,0,False,2,0,4,1,1,1,1.0,1,0,0.0,2,1,0,0,,0,0,2,4,0,1,6,1,1,100.0,19:17,104,Mexico,7.0,Karla Martinez,0,0.5,19,17,19.3
121439,268370,-10,True,1,0,5,3,6,2,0.333,3,1,0.333,9,3,2,1,0.5,3,2,8,8,0,1,9,5,2,40.0,25:53,104,Mexico,6.0,Mariana Valenzuela,0,0.333,25,53,25.9
121439,227782,-8,False,2,0,0,0,0,0,,3,1,0.333,3,1,0,0,,0,1,3,0,0,0,3,0,0,0.0,8:34,104,Mexico,5.0,Karina Esquer,0,0.333,8,34,8.6
121439,319031,-5,True,0,0,2,0,4,2,0.5,2,0,0.0,6,2,0,0,,0,0,4,2,1,0,3,4,2,50.0,9:35,104,Mexico,2.0,Anisa Jeffreis,0,0.333,9,35,9.6
121439,289878,11,False,1,0,2,0,0,0,,5,1,0.2,5,1,0,0,,0,1,3,2,0,0,2,0,0,0.0,19:51,125,Puerto Rico,55.0,Jacqueline Benitez,0,0.2,19,51,19.8
121439,225517,11,True,0,0,1,1,4,2,0.5,1,1,1.0,5,3,3,2,0.667,1,2,9,2,1,3,6,3,1,33.3,20:53,125,Puerto Rico,33.0,India Pagan,0,0.6,20,53,20.9
121439,295609,-3,False,0,0,0,0,1,1,1.0,0,0,,1,1,0,0,,0,0,2,0,0,0,2,1,1,100.0,7:12,125,Puerto Rico,25.0,Denise Solis,0,1.0,7,12,7.2
121439,323904,4,True,2,0,5,3,7,3,0.429,2,0,0.0,9,3,4,3,0.75,1,2,9,6,1,3,8,6,3,50.0,21:21,125,Puerto Rico,23.0,Trinity San Antonio,0,0.333,21,21,21.4
121439,236841,22,True,2,0,9,3,16,11,0.688,7,2,0.286,23,13,3,3,1.0,3,0,31,12,0,5,30,7,4,57.1,37:34,125,Puerto Rico,22.0,Arella Guirantes,1,0.565,37,34,37.6
121439,314595,15,True,4,1,10,1,5,2,0.4,4,2,0.5,9,4,0,0,,1,3,10,11,0,2,19,3,2,66.7,34:52,125,Puerto Rico,21.0,Mya Hollingshed,1,0.444,34,52,34.9
121439,393526,-12,False,0,0,0,0,1,0,0.0,1,0,0.0,2,0,0,0,,0,0,0,0,0,0,-2,1,0,0.0,4:21,125,Puerto Rico,15.0,Angelica Velez,0,0.0,4,21,4.4
121439,295611,0,False,0,0,0,0,0,0,,0,0,,0,0,0,0,,0,0,0,0,0,0,0,0,0,0.0,0:0,125,Puerto Rico,12.0,Ahlana Smith,0,,0,0,0.0
121439,188776,0,False,0,0,0,0,0,0,,0,0,,0,0,0,0,,0,0,0,0,0,0,0,0,0,0.0,0:0,125,Puerto Rico,11.0,Sofia Roma,0,,0,0,0.0
121439,147107,15,False,7,0,6,1,1,1,1.0,3,1,0.333,4,2,0,0,,0,0,5,6,1,2,15,0,0,0.0,22:53,125,Puerto Rico,5.0,Pamela Rosado,0,0.5,22,53,22.9
121439,291149,9,True,0,0,2,1,1,0,0.0,3,1,0.333,4,1,0,0,,0,1,3,2,0,1,1,0,0,0.0,16:50,125,Puerto Rico,2.0,Brianna Jones,0,0.25,16,50,16.8
121439,181909,13,False,0,1,1,0,1,1,1.0,1,1,1.0,2,2,0,0,,2,1,5,3,1,0,10,1,1,100.0,14:13,125,Puerto Rico,1.0,Tayra Melendez,0,1.0,14,13,14.2
121440,186543,-16,False,0,0,0,0,2,1,0.5,0,0,,2,1,0,0,,1,4,2,1,0,1,1,0,0,0.0,16:27,38,Chile,25.0,Catalina Abuyeres,0,0.5,16,27,16.4
121440,235811,-22,False,0,0,5,0,3,1,0.333,7,1,0.143,10,2,0,0,,0,0,5,5,1,0,3,3,1,33.3,26:52,38,Chile,22.0,Jovanka Ljubetic,0,0.2,26,52,26.9
121440,223051,-8,True,0,2,6,1,6,2,0.333,0,0,,6,2,2,0,0.0,1,2,4,7,0,2,5,5,2,40.0,21:14,38,Chile,12.0,Constanza Cardenas,0,0.333,21,14,21.2
121440,260056,-2,False,0,0,1,0,1,0,0.0,0,0,,1,0,0,0,,0,0,0,1,0,0,0,1,0,0.0,2:19,38,Chile,11.0,Valentina Monzo,0,0.0,2,19,2.3
121440,178361,-3,True,1,0,1,2,3,1,0.333,4,0,0.0,7,1,2,1,0.5,0,3,3,1,1,2,-3,3,1,33.3,19:37,38,Chile,10.0,Barbara Cousiño,0,0.143,19,37,19.6
121440,260050,-1,False,0,0,0,0,0,0,,0,0,,0,0,0,0,,0,0,0,0,0,0,0,0,0,0.0,1:12,38,Chile,9.0,Catalina Ramirez,0,,1,12,1.2
121440,277480,-12,False,0,0,1,0,1,0,0.0,2,0,0.0,3,0,0,0,,0,2,0,1,0,0,-2,1,0,0.0,8:48,38,Chile,8.0,Antonia Andaur,0,0.0,8,48,8.8
121440,251604,-15,True,2,1,4,1,11,4,0.364,1,0,0.0,12,4,2,1,0.5,0,1,9,4,0,3,4,11,4,36.4,30:37,38,Chile,7.0,Catalina Perez,0,0.333,30,37,30.6
121440,330308,-10,False,1,0,0,0,3,0,0.0,0,0,,3,0,0,0,,0,2,0,0,1,2,-3,3,0,0.0,6:55,38,Chile,4.0,Amanda Guineo,0,0.0,6,55,6.9
121440,230548,-23,True,1,1,4,1,4,1,0.25,3,1,0.333,7,2,2,1,0.5,1,2,6,5,3,2,8,4,1,25.0,31:12,38,Chile,3.0,Valentina Ojeda,0,0.286,31,12,31.2
121440,221910,-13,True,2,0,3,1,6,2,0.333,2,0,0.0,8,2,0,0,,1,1,4,4,1,2,3,6,2,33.3,18:59,38,Chile,2.0,Javiera Campos,0,0.25,18,59,19.0
121440,259930,-5,False,1,0,2,1,0,0,,2,0,0.0,2,0,0,0,,0,1,0,2,0,0,1,0,0,0.0,15:48,38,Chile,1.0,Damaris Alarcon,0,0.0,15,48,15.8
121440,189134,15,False,0,0,2,0,1,0,0.0,4,0,0.0,5,0,0,0,,0,0,0,2,2,0,-1,0,0,0.0,10:34,40,Colombia,22.0,Esperanza Delgado,0,0.0,10,34,10.6
121440,214983,23,False,3,0,5,3,4,3,0.75,2,0,0.0,6,3,2,2,1.0,0,0,8,5,2,1,14,1,0,0.0,18:1,40,Colombia,21.0,Valentina Lopez,0,0.5,18,1,18.0
121440,230237,3,True,2,2,2,1,2,1,0.5,1,1,1.0,3,2,2,2,1.0,0,0,7,2,2,4,10,1,1,100.0,22:17,40,Colombia,19.0,Daniela Gonzalez,0,0.667,22,17,22.3
121440,189132,20,False,3,0,5,3,4,3,0.75,0,0,,4,3,4,2,0.5,1,1,8,6,0,0,14,3,2,66.7,23:16,40,Colombia,14.0,Marlyn Vente,0,0.75,23,16,23.3
121440,163900,11,True,1,0,2,4,3,1,0.333,2,1,0.5,5,2,7,7,1.0,0,0,12,2,1,2,11,1,0,0.0,22:46,40,Colombia,12.0,Jenifer Muñoz,1,0.4,22,46,22.8
121440,160664,5,True,0,1,3,1,0,0,,2,0,0.0,2,0,0,0,,0,0,0,3,0,0,2,0,0,0.0,19:37,40,Colombia,10.0,Mabel Martínez,0,0.0,19,37,19.6
121440,193445,-4,True,1,0,0,1,1,0,0.0,2,0,0.0,3,0,0,0,,0,0,0,0,0,0,-2,1,0,0.0,9:50,40,Colombia,9.0,Manuela Rios,0,0.0,9,50,9.8
121440,251137,22,False,3,0,5,0,7,3,0.429,1,1,1.0,8,4,0,0,,0,3,9,5,1,1,13,2,0,0.0,24:39,40,Colombia,8.0,Carolina Lopez,0,0.5,24,39,24.6
121440,214994,16,False,1,0,3,1,2,1,0.5,3,1,0.333,5,2,0,0,,0,2,5,3,0,0,6,1,0,0.0,18:34,40,Colombia,7.0,Mayra Caicedo,0,0.4,18,34,18.6
121440,236912,6,True,2,0,5,4,17,3,0.176,0,0,,17,3,4,2,0.5,5,1,8,10,0,3,1,15,3,20.0,16:44,40,Colombia,6.0,Yuliany Paz,0,0.176,16,44,16.7
121440,278174,13,False,0,1,0,0,2,1,0.5,0,0,,2,1,0,0,,0,0,2,0,1,0,3,2,1,50.0,13:42,40,Colombia,5.0,Daihana Murillo,0,0.5,13,42,13.7
121440,314520,0,False,0,0,0,0,0,0,,0,0,,0,0,0,0,,0,0,0,0,0,0,0,0,0,0.0,0:0,40,Colombia,0.0,Marta Moscarella,0,,0,0,0.0
121431,298515,25,True,8,0,3,3,7,1,0.143,4,1,0.25,11,2,3,1,0.333,1,1,6,4,2,3,6,5,1,20.0,29:41,34,Canada,30.0,Shayeann Day-Wilson,0,0.182,29,41,29.7
121431,323517,-5,False,0,0,2,0,2,0,0.0,0,0,,2,0,0,0,,2,0,0,4,1,3,0,2,0,0.0,6:57,34,Canada,15.0,Phillipina Kyei,0,0.0,6,57,7.0
121431,161433,29,True,0,1,6,1,11,5,0.455,0,0,,11,5,0,0,,5,1,10,11,0,2,14,9,5,55.6,21:11,34,Canada,14.0,Kayla Alexander,1,0.455,21,11,21.2
121431,235589,12,False,1,0,0,0,0,0,,2,1,0.5,2,1,0,0,,0,0,3,0,1,1,3,0,0,0.0,12:44,34,Canada,13.0,Merissah Russell,0,0.5,12,44,12.7
121431,320676,22,False,3,0,4,0,3,3,1.0,4,1,0.25,7,4,0,0,,1,0,9,5,1,1,14,2,2,100.0,19:23,34,Canada,12.0,Syla Swords,0,0.571,19,23,19.4
121431,188566,-1,False,0,0,2,1,4,3,0.75,0,0,,4,3,2,2,1.0,4,0,8,6,0,0,13,4,3,75.0,4:33,34,Canada,10.0,Emily Potter,0,0.75,4,33,4.6
121431,172742,25,True,2,1,6,0,5,3,0.6,0,0,,5,3,0,0,,2,2,6,8,2,1,16,5,3,60.0,22:48,34,Canada,9.0,Yvonne Ejim,0,0.6,22,48,22.8
121431,266912,19,False,0,0,3,1,7,1,0.143,6,2,0.333,13,3,2,2,1.0,4,0,10,7,0,0,7,6,1,16.7,20:7,34,Canada,8.0,Tara Wallack,1,0.231,20,7,20.1
121431,217042,-1,False,0,0,2,0,1,0,0.0,0,0,,1,0,0,0,,0,0,0,2,0,0,1,1,0,0.0,4:33,34,Canada,7.0,Niyah Becker,0,0.0,4,33,4.6
121431,188714,19,True,1,0,3,1,1,0,0.0,4,0,0.0,5,0,2,2,1.0,0,0,2,3,0,1,0,0,0,0.0,19:45,34,Canada,4.0,Sami Hill,0,0.0,19,45,19.8
121431,297698,26,False,1,0,4,2,10,4,0.4,6,4,0.667,16,8,1,1,1.0,2,1,21,6,0,0,20,7,4,57.1,20:39,34,Canada,3.0,Delaney Gibb,1,0.5,20,39,20.6
121431,196900,10,True,1,0,2,2,8,3,0.375,1,0,0.0,9,3,1,1,1.0,1,4,7,3,1,4,2,6,2,33.3,17:39,34,Canada,2.0,Shay Colley,0,0.333,17,39,17.6
121431,394173,-10,False,0,0,0,1,1,1,1.0,0,0,,1,1,0,0,,0,0,2,0,0,2,0,0,0,0.0,8:20,51,Dominican Republic,44.0,Ileana Sosa,0,1.0,8,20,8.3
121431,269965,-26,False,0,2,3,2,7,2,0.286,0,0,,7,2,2,1,0.5,0,3,5,3,3,0,7,6,2,33.3,17:23,51,Dominican Republic,24.0,Hellary De Los Santos,0,0.286,17,23,17.4
121431,205219,-16,False,2,0,0,0,3,0,0.0,1,0,0.0,4,0,0,0,,1,1,0,1,0,2,-3,1,0,0.0,12:50,51,Dominican Republic,21.0,Anyi Hodge,0,0.0,12,50,12.8
121431,235951,-29,False,2,0,1,0,2,0,0.0,3,1,0.333,5,1,0,0,,1,0,3,2,2,4,1,0,0,0.0,14:36,51,Dominican Republic,15.0,Yirsy Queliz,0,0.2,14,36,14.6
121431,239986,-10,True,2,2,6,0,2,1,0.5,1,0,0.0,3,1,0,0,,0,1,2,6,1,1,10,2,1,50.0,21:59,51,Dominican Republic,13.0,Giocelis Reynoso,0,0.333,21,59,22.0
121431,394212,-15,True,1,0,2,1,4,0,0.0,0,0,,4,0,0,0,,3,0,0,5,0,0,2,4,0,0.0,22:46,51,Dominican Republic,9.0,Madelyn  Batista,0,0.0,22,46,22.8
121431,176174,-29,False,0,0,1,0,3,1,0.333,2,1,0.5,5,2,0,0,,1,1,5,2,1,0,5,2,1,50.0,17:39,51,Dominican Republic,8.0,Yamel Abreu,0,0.4,17,39,17.6
121431,162321,-11,False,1,0,2,0,0,0,,0,0,,0,0,0,0,,0,1,0,2,0,0,3,0,0,0.0,7:22,51,Dominican Republic,7.0,Genesis Evangelista,0,,7,22,7.4
121431,205230,-4,True,1,0,1,1,2,0,0.0,2,0,0.0,4,0,0,0,,1,1,0,2,0,0,-1,2,0,0.0,10:38,51,Dominican Republic,6.0,Yenifer Jimenez,0,0.0,10,38,10.6
121431,144776,-7,True,1,0,1,2,11,5,0.455,2,0,0.0,13,5,4,2,0.5,2,0,12,3,1,1,6,8,4,50.0,21:9,51,Dominican Republic,5.0,Yohanna Morton,1,0.385,21,9,21.2
121431,269961,-20,True,0,0,6,1,10,3,0.3,10,3,0.3,20,6,2,2,1.0,0,1,17,6,0,3,6,6,3,50.0,30:31,51,Dominican Republic,3.0,Cesarina Capellan,1,0.3,30,31,30.5
121431,269964,-3,False,0,0,2,1,2,0,0.0,1,0,0.0,3,0,0,0,,1,2,0,3,0,0,0,1,0,0.0,14:47,51,Dominican Republic,1.0,Glorivel Rodriguez,0,0.0,14,47,14.8
121432,296041,24,False,2,0,1,3,7,3,0.429,3,0,0.0,10,3,5,4,0.8,2,0,10,3,1,0,8,7,3,42.9,20:48,27,Brazil,30.0,Catarina Ferreira,1,0.3,20,48,20.8
121432,193492,28,False,1,1,6,1,4,1,0.25,3,2,0.667,7,3,2,1,0.5,5,0,9,11,0,0,17,4,1,25.0,16:18,27,Brazil,26.0,Thayna Silva,0,0.429,16,18,16.3
121432,178708,32,True,2,0,3,0,1,0,0.0,2,1,0.5,3,1,0,0,,0,1,3,3,1,1,6,1,0,0.0,19:3,27,Brazil,24.0,Alana Gonçalo,0,0.333,19,3,19.0
121432,186510,32,True,6,0,4,2,6,4,0.667,1,0,0.0,7,4,2,1,0.5,3,0,9,7,2,0,20,6,4,66.7,19:3,27,Brazil,22.0,Vitoria Marcelino,0,0.571,19,3,19.0
121432,259742,13,False,0,0,2,0,6,3,0.5,1,0,0.0,7,3,0,0,,3,4,6,5,1,1,7,3,3,100.0,12:5,27,Brazil,21.0,Manu Alves,0,0.429,12,5,12.1
121432,200399,12,False,0,0,2,2,3,1,0.333,0,0,,3,1,2,1,0.5,1,0,3,3,1,0,4,3,1,33.3,9:3,27,Brazil,18.0,Aline Moura,0,0.333,9,3,9.0
121432,175283,25,False,6,0,1,1,2,1,0.5,2,1,0.5,4,2,2,1,0.5,2,1,6,3,2,1,13,2,1,50.0,20:57,27,Brazil,17.0,Cacá Martins,0,0.5,20,57,21.0
121432,172947,31,True,3,1,2,1,8,4,0.5,4,4,1.0,12,8,2,1,0.5,0,0,21,2,0,1,21,7,4,57.1,19:17,27,Brazil,12.0,Damiris Dantas,1,0.667,19,17,19.3
121432,215026,13,False,3,0,2,0,1,1,1.0,2,0,0.0,3,1,0,0,,1,0,2,3,0,1,5,1,1,100.0,9:12,27,Brazil,11.0,Emanuely De Oliveira,0,0.333,9,12,9.2
121432,215036,30,True,4,0,8,3,8,6,0.75,0,0,,8,6,5,2,0.4,2,1,14,10,3,2,24,8,6,75.0,23:17,27,Brazil,10.0,Kamilla Cardoso,1,0.75,23,17,23.3
121432,392716,32,True,3,0,2,1,3,1,0.333,6,4,0.667,9,5,2,2,1.0,0,0,16,2,2,2,17,2,1,50.0,18:52,27,Brazil,8.0,Bella Nascimento,1,0.556,18,52,18.9
121432,368432,13,False,1,0,2,4,0,0,,2,1,0.5,2,1,8,4,0.5,1,1,7,3,1,1,6,0,0,0.0,12:5,27,Brazil,5.0,Ayla McDowell,0,0.5,12,5,12.1
121432,239401,-44,True,0,0,5,1,12,7,0.583,1,0,0.0,13,7,1,1,1.0,0,4,15,5,1,2,13,6,3,50.0,35:28,54,El Salvador,44.0,Brandi Harvey-Carr,1,0.538,35,28,35.5
121432,266073,-28,True,3,0,0,0,1,0,0.0,2,1,0.5,3,1,0,0,,0,0,3,0,1,0,5,1,0,0.0,15:46,54,El Salvador,24.0,Gabriela Alfaro,0,0.333,15,46,15.8
121432,223293,-17,True,3,0,4,1,7,1,0.143,0,0,,7,1,1,1,1.0,1,0,3,5,0,5,0,3,1,33.3,21:8,54,El Salvador,22.0,Kimberly Villalobos,0,0.143,21,8,21.1
121432,209055,-11,False,0,0,0,0,2,0,0.0,0,0,,2,0,0,0,,0,0,0,0,0,0,-2,2,0,0.0,8:19,54,El Salvador,16.0,Fátima Avilés,0,0.0,8,19,8.3
121432,181560,-13,False,0,0,2,0,2,0,0.0,1,1,1.0,3,1,0,0,,0,1,3,2,0,1,2,1,0,0.0,6:51,54,El Salvador,14.0,Adriana Rivas,0,0.333,6,51,6.8
121432,209053,-19,False,0,0,1,1,0,0,,4,1,0.25,4,1,2,1,0.5,0,4,4,1,1,3,-1,0,0,0.0,14:54,54,El Salvador,11.0,Elisa Domínguez,0,0.25,14,54,14.9
121432,293205,-40,True,2,0,7,4,1,1,1.0,9,1,0.111,10,2,4,1,0.25,2,2,6,9,1,2,5,0,0,0.0,31:46,54,El Salvador,10.0,Emily Tevez,0,0.2,31,46,31.8
121432,250001,-16,False,0,0,0,0,0,0,,0,0,,0,0,0,0,,0,0,0,0,0,0,0,0,0,0.0,6:14,54,El Salvador,9.0,Silvia Vega,0,,6,14,6.2
121432,294819,-8,False,0,0,0,0,2,0,0.0,1,1,1.0,3,1,0,0,,0,0,3,0,0,0,1,0,0,0.0,4:48,54,El Salvador,8.0,Gabriela Escobar,0,0.333,4,48,4.8
121432,200045,-24,False,0,0,0,0,1,0,0.0,0,0,,1,0,0,0,,0,2,0,0,0,0,-1,1,0,0.0,10:18,54,El Salvador,7.0,Liliana Alvarado,0,0.0,10,18,10.3
121432,276288,-17,False,0,0,0,0,0,0,,0,0,,0,0,0,0,,0,4,0,0,0,2,-2,0,0,0.0,8:14,54,El Salvador,5.0,Ana Quijano,0,,8,14,8.2
121432,188447,-48,True,4,1,4,1,11,4,0.364,3,1,0.333,14,5,2,1,0.5,1,1,12,5,1,2,11,11,4,36.4,36:13,54,El Salvador,4.0,Hillary Martínez,1,0.357,36,13,36.2
121441,318244,12,False,1,0,4,1,4,2,0.5,1,0,0.0,5,2,0,0,,1,0,4,5,1,3,5,3,2,66.7,7:42,154,USA,15.0,Audi Crooks,0,0.4,7,42,7.7
121441,318117,23,False,2,0,2,2,7,4,0.571,0,0,,7,4,4,4,1.0,4,0,12,6,0,1,16,6,4,66.7,17:24,154,USA,14.0,Grace Van Slooten,1,0.571,17,24,17.4
121441,392661,20,False,1,0,2,3,0,0,,1,1,1.0,1,1,4,2,0.5,4,0,5,6,0,0,10,0,0,0.0,10:49,154,USA,13.0,Raegan Beers,0,1.0,10,49,10.8
121441,298813,35,True,3,0,3,2,9,6,0.667,0,0,,9,6,4,1,0.25,1,0,13,4,1,2,13,9,6,66.7,22:34,154,USA,12.0,Joyce Edwards,1,0.667,22,34,22.6
121441,320127,29,True,0,1,1,0,2,2,1.0,3,2,0.667,5,4,0,0,,0,2,10,1,3,0,14,1,1,100.0,17:10,154,USA,11.0,Kennedy Smith,1,0.8,17,10,17.2
121441,394219,9,False,1,0,2,1,3,2,0.667,0,0,,3,2,2,2,1.0,1,2,6,3,0,1,8,3,2,66.7,11:58,154,USA,10.0,Hannah Stuelke,0,0.667,11,58,12.0
121441,392664,27,False,2,0,4,2,3,3,1.0,7,4,0.571,10,7,2,2,1.0,1,0,20,5,2,1,25,2,2,100.0,20:51,154,USA,9.0,Gianna Kneepkens,1,0.7,20,51,20.8
121441,298282,23,True,3,0,1,1,7,2,0.286,1,0,0.0,8,2,0,0,,1,3,4,2,0,0,3,3,2,66.7,14:54,154,USA,8.0,Madison Booker,0,0.25,14,54,14.9
121441,393527,30,True,1,0,3,1,11,7,0.636,2,0,0.0,13,7,2,1,0.5,2,1,15,5,1,2,13,8,5,62.5,21:38,154,USA,7.0,Mikayla Blakes,1,0.538,21,38,21.6
121441,319297,22,False,4,0,0,1,6,2,0.333,5,1,0.2,11,3,2,2,1.0,1,1,9,1,5,2,9,5,2,40.0,19:49,154,USA,6.0,Hannah Hidalgo,0,0.273,19,49,19.8
121441,268469,34,True,10,0,5,0,4,3,0.75,1,0,0.0,5,3,0,0,,1,1,6,6,3,1,22,4,3,75.0,20:11,154,USA,5.0,Olivia Miles,0,0.6,20,11,20.2
121441,392454,16,False,2,1,3,0,3,0,0.0,0,0,,3,0,0,0,,0,3,0,3,0,1,2,3,0,0.0,14:59,154,USA,4.0,Flaujae Johnson,0,0.0,14,59,15.0
121441,235923,-11,False,2,0,0,1,1,1,1.0,0,0,,1,1,0,0,,0,0,2,0,0,2,2,1,1,100.0,9:58,104,Mexico,44.0,Katia Gallegos,0,1.0,9,58,10.0
121441,319490,-8,False,0,0,1,0,2,1,0.5,0,0,,2,1,0,0,,0,2,2,1,0,1,1,2,1,50.0,10:57,104,Mexico,33.0,Ariadna Vidales,0,0.5,10,57,11.0
121441,268451,-10,False,0,0,0,0,0,0,,1,0,0.0,1,0,0,0,,0,0,0,0,0,1,-2,0,0,0.0,3:18,104,Mexico,31.0,Mayra Gil,0,0.0,3,18,3.3
121441,213361,-39,True,1,0,3,3,5,3,0.6,1,0,0.0,6,3,3,2,0.667,0,1,8,3,1,5,4,4,3,75.0,25:32,104,Mexico,22.0,Hazel Ramirez,0,0.5,25,32,25.5
121441,215141,-22,True,0,0,2,0,0,0,,1,1,1.0,1,1,0,0,,0,0,3,2,1,0,6,0,0,0.0,11:16,104,Mexico,14.0,Alexia Lagunas,0,1.0,11,16,11.3
121441,168876,-31,True,0,2,3,0,10,3,0.3,0,0,,10,3,0,0,,1,3,6,4,2,4,3,8,2,25.0,17:12,104,Mexico,13.0,Myriam Lara,0,0.3,17,12,17.2
121441,369234,-47,True,1,0,1,3,7,1,0.143,3,0,0.0,10,1,5,4,0.8,1,0,6,2,0,5,-6,6,1,16.7,29:25,104,Mexico,11.0,Gabriela Jaquez,0,0.1,29,25,29.4
121441,198453,-22,True,1,0,3,2,3,1,0.333,2,0,0.0,5,1,0,0,,2,2,2,5,0,3,1,2,1,50.0,18:51,104,Mexico,10.0,Claudia Ramos,0,0.2,18,51,18.8
121441,224418,-34,False,0,0,1,1,2,1,0.5,2,0,0.0,4,1,0,0,,2,0,2,3,1,0,3,2,1,50.0,24:27,104,Mexico,7.0,Karla Martinez,0,0.25,24,27,24.4
121441,268370,-18,False,0,0,2,0,2,0,0.0,4,1,0.25,6,1,0,0,,1,5,3,3,1,3,-1,2,0,0.0,15:23,104,Mexico,6.0,Mariana Valenzuela,0,0.167,15,23,15.4
121441,227782,-6,False,0,0,0,0,0,0,,1,0,0.0,1,0,0,0,,0,0,0,0,0,1,-2,0,0,0.0,5:11,104,Mexico,5.0,Karina Esquer,0,0.0,5,11,5.2
121441,319031,-32,False,3,0,6,3,15,7,0.467,3,0,0.0,18,7,0,0,,3,1,14,9,5,1,19,11,6,54.5,28:30,104,Mexico,2.0,Anisa Jeffreis,1,0.389,28,30,28.5
121442,289878,21,False,1,0,8,0,1,0,0.0,10,5,0.5,11,5,0,0,,0,2,15,8,2,0,20,1,0,0.0,24:12,125,Puerto Rico,55.0,Jacqueline Benitez,1,0.455,24,12,24.2
121442,225517,24,True,0,0,6,2,5,5,1.0,2,2,1.0,7,7,3,2,0.667,0,0,18,6,0,1,22,4,4,100.0,19:42,125,Puerto Rico,33.0,India Pagan,1,1.0,19,42,19.7
121442,295609,17,False,0,0,2,0,3,1,0.333,0,0,,3,1,0,0,,2,1,2,4,0,0,4,3,1,33.3,13:57,125,Puerto Rico,25.0,Denise Solis,0,0.333,13,57,14.0
121442,323904,27,True,5,0,5,2,8,2,0.25,3,1,0.333,11,3,0,0,,0,3,7,5,1,2,8,3,1,33.3,28:14,125,Puerto Rico,23.0,Trinity San Antonio,0,0.273,28,14,28.2
121442,236841,23,True,3,2,4,2,8,1,0.125,5,2,0.4,13,3,4,4,1.0,0,0,12,4,0,0,11,5,0,0.0,23:39,125,Puerto Rico,22.0,Arella Guirantes,1,0.231,23,39,23.6
121442,314595,16,True,1,1,7,1,1,1,1.0,4,1,0.25,5,2,0,0,,0,0,5,7,2,0,13,1,1,100.0,22:40,125,Puerto Rico,21.0,Mya Hollingshed,0,0.4,22,40,22.7
121442,393526,7,False,0,0,1,2,4,1,0.25,2,1,0.5,6,2,1,1,1.0,0,0,6,1,0,3,0,2,0,0.0,14:59,125,Puerto Rico,15.0,Angelica Velez,0,0.333,14,59,15.0
121442,295611,0,False,0,0,0,0,0,0,,0,0,,0,0,0,0,,0,0,0,0,0,0,0,0,0,0.0,0:0,125,Puerto Rico,12.0,Ahlana Smith,0,,0,0,0.0
121442,188776,1,False,1,1,0,1,3,0,0.0,1,0,0.0,4,0,2,0,0.0,3,1,0,3,0,2,-3,2,0,0.0,12:3,125,Puerto Rico,11.0,Sofia Roma,0,0.0,12,3,12.0
121442,147107,24,False,5,0,5,3,2,0,0.0,4,1,0.25,6,1,2,1,0.5,2,0,4,7,0,0,10,1,0,0.0,17:38,125,Puerto Rico,5.0,Pamela Rosado,0,0.167,17,38,17.6
121442,291149,25,True,5,0,3,1,2,0,0.0,2,2,1.0,4,2,0,0,,0,1,6,3,0,0,12,1,0,0.0,22:56,125,Puerto Rico,2.0,Brianna Jones,0,0.5,22,56,22.9
121442,181909,0,False,0,0,0,0,0,0,,0,0,,0,0,0,0,,0,0,0,0,0,0,0,0,0,0.0,0:0,125,Puerto Rico,1.0,Tayra Melendez,0,,0,0,0.0
121442,186543,0,False,0,0,0,0,0,0,,0,0,,0,0,0,0,,0,0,0,0,0,0,0,0,0,0.0,1:58,38,Chile,25.0,Catalina Abuyeres,0,,1,58,2.0
121442,235811,-16,False,1,0,1,0,3,0,0.0,11,1,0.091,14,1,0,0,,0,0,3,1,1,0,-7,3,0,0.0,18:38,38,Chile,22.0,Jovanka Ljubetic,0,0.071,18,38,18.6
121442,223051,-27,True,2,0,10,3,6,3,0.5,1,0,0.0,7,3,1,0,0.0,3,3,6,13,1,0,17,6,3,50.0,28:36,38,Chile,12.0,Constanza Cardenas,0,0.429,28,36,28.6
121442,260056,0,False,0,0,0,0,0,0,,0,0,,0,0,0,0,,0,0,0,0,0,0,0,0,0,0.0,0:0,38,Chile,11.0,Valentina Monzo,0,,0,0,0.0
121442,178361,-22,True,3,0,5,1,6,3,0.5,10,2,0.2,16,5,2,2,1.0,1,1,14,6,0,2,10,6,3,50.0,31:47,38,Chile,10.0,Barbara Cousiño,1,0.312,31,47,31.8
121442,260050,-18,False,0,0,0,0,3,2,0.667,0,0,,3,2,0,0,,1,1,4,1,0,1,3,2,1,50.0,11:6,38,Chile,9.0,Catalina Ramirez,0,0.667,11,6,11.1
121442,277480,-18,False,0,0,0,0,1,0,0.0,6,0,0.0,7,0,0,0,,0,1,0,0,0,0,-7,1,0,0.0,10:35,38,Chile,8.0,Antonia Andaur,0,0.0,10,35,10.6
121442,251604,-21,True,2,1,4,0,2,0,0.0,4,0,0.0,6,0,0,0,,0,2,0,4,1,2,0,2,0,0.0,26:44,38,Chile,7.0,Catalina Perez,0,0.0,26,44,26.7
121442,330308,-14,False,0,0,1,1,4,2,0.5,0,0,,4,2,0,0,,0,2,4,1,0,0,3,4,2,50.0,9:27,38,Chile,4.0,Amanda Guineo,0,0.5,9,27,9.4
121442,230548,-26,True,2,1,6,1,3,1,0.333,6,0,0.0,9,1,2,2,1.0,0,0,4,6,1,0,6,2,1,50.0,30:8,38,Chile,3.0,Valentina Ojeda,0,0.111,30,8,30.1
121442,221910,-10,True,3,0,1,2,3,1,0.333,1,0,0.0,4,1,2,1,0.5,0,3,3,1,1,1,3,3,1,33.3,20:53,38,Chile,2.0,Javiera Campos,0,0.25,20,53,20.9
121442,259930,-13,False,0,0,2,0,0,0,,2,0,0.0,2,0,0,0,,0,1,0,2,0,0,0,0,0,0.0,10:8,38,Chile,1.0,Damaris Alarcon,0,0.0,10,8,10.1
121443,296041,5,False,2,0,1,1,1,1,1.0,2,0,0.0,3,1,1,1,1.0,0,0,3,1,0,1,3,1,1,100.0,13:37,27,Brazil,30.0,Catarina Ferreira,0,0.333,13,37,13.6
121443,193492,4,False,0,0,2,0,4,3,0.75,0,0,,4,3,0,0,,0,0,6,2,0,0,7,4,3,75.0,2:42,27,Brazil,26.0,Thayna Silva,0,0.75,2,42,2.7
121443,178708,-5,True,2,0,3,0,0,0,,2,0,0.0,2,0,0,0,,0,0,0,3,1,1,3,0,0,0.0,20:1,27,Brazil,24.0,Alana Gonçalo,0,0.0,20,1,20.0
121443,186510,10,True,3,0,2,0,4,3,0.75,2,0,0.0,6,3,0,0,,4,4,6,6,1,2,11,3,3,100.0,19:29,27,Brazil,22.0,Vitoria Marcelino,0,0.5,19,29,19.5
121443,259742,4,False,0,0,0,0,0,0,,0,0,,0,0,0,0,,0,0,0,0,0,0,0,0,0,0.0,1:33,27,Brazil,21.0,Manu Alves,0,,1,33,1.6
121443,200399,15,False,3,0,0,2,4,1,0.25,3,0,0.0,7,1,3,2,0.667,5,2,4,5,0,2,3,4,1,25.0,13:42,27,Brazil,18.0,Aline Moura,0,0.143,13,42,13.7
121443,175283,15,False,3,0,2,1,2,1,0.5,0,0,,2,1,0,0,,0,1,2,2,3,1,8,2,1,50.0,14:19,27,Brazil,17.0,Cacá Martins,0,0.5,14,19,14.3
121443,172947,11,True,4,0,4,3,15,8,0.533,8,2,0.25,23,10,3,2,0.667,2,3,24,6,2,1,21,10,6,60.0,34:29,27,Brazil,12.0,Damiris Dantas,1,0.435,34,29,34.5
121443,215026,18,False,4,0,2,1,2,0,0.0,5,1,0.2,7,1,2,1,0.5,4,1,4,6,1,2,6,2,0,0.0,23:5,27,Brazil,11.0,Emanuely De Oliveira,0,0.143,23,5,23.1
121443,215036,16,True,0,2,12,6,12,9,0.75,1,0,0.0,13,9,7,4,0.571,8,0,22,20,0,0,37,12,9,75.0,29:8,27,Brazil,10.0,Kamilla Cardoso,1,0.692,29,8,29.1
121443,392716,18,True,3,0,1,0,5,2,0.4,11,3,0.273,16,5,0,0,,0,0,13,1,1,1,6,3,2,66.7,26:23,27,Brazil,8.0,Bella Nascimento,1,0.312,26,23,26.4
121443,368432,4,False,0,0,0,0,1,0,0.0,0,0,,1,0,0,0,,0,1,0,0,0,0,-1,0,0,0.0,1:33,27,Brazil,5.0,Ayla McDowell,0,0.0,1,33,1.6
121443,235923,5,False,5,0,1,1,3,0,0.0,1,0,0.0,4,0,2,2,1.0,1,1,2,2,3,2,6,2,0,0.0,10:24,104,Mexico,44.0,Katia Gallegos,0,0.0,10,24,10.4
121443,319490,6,False,1,1,1,1,1,1,1.0,1,1,1.0,2,2,0,0,,0,0,5,1,0,0,8,1,1,100.0,9:38,104,Mexico,33.0,Ariadna Vidales,0,1.0,9,38,9.6
121443,268451,-16,False,1,0,0,1,2,1,0.5,2,1,0.5,4,2,2,2,1.0,1,4,7,1,1,2,6,2,1,50.0,10:24,104,Mexico,31.0,Mayra Gil,0,0.5,10,24,10.4
121443,213361,-28,True,2,0,0,0,7,4,0.571,4,1,0.25,11,5,0,0,,0,1,11,0,1,2,6,2,2,100.0,29:36,104,Mexico,22.0,Hazel Ramirez,1,0.455,29,36,29.6
121443,215141,-15,True,1,0,2,0,4,0,0.0,1,0,0.0,5,0,0,0,,1,0,0,3,1,0,0,2,0,0.0,19:5,104,Mexico,14.0,Alexia Lagunas,0,0.0,19,5,19.1
121443,168876,-12,True,2,0,1,1,8,2,0.25,0,0,,8,2,0,0,,3,2,4,4,1,0,5,5,0,0.0,26:30,104,Mexico,13.0,Myriam Lara,0,0.25,26,30,26.5
121443,369234,-5,True,0,0,7,4,9,4,0.444,5,1,0.2,14,5,5,4,0.8,1,1,15,8,1,3,11,7,4,57.1,27:34,104,Mexico,11.0,Gabriela Jaquez,1,0.357,27,34,27.6
121443,198453,-14,True,0,1,7,1,3,0,0.0,2,0,0.0,5,0,2,1,0.5,0,0,1,7,0,1,2,2,0,0.0,21:51,104,Mexico,10.0,Claudia Ramos,0,0.0,21,51,21.8
121443,224418,-13,False,2,0,0,0,0,0,,0,0,,0,0,0,0,,0,1,0,0,1,0,3,0,0,0.0,10:3,104,Mexico,7.0,Karla Martinez,0,,10,3,10.0
121443,268370,-18,False,1,0,2,0,1,0,0.0,6,3,0.5,7,3,0,0,,0,4,9,2,0,1,7,1,0,0.0,16:18,104,Mexico,6.0,Mariana Valenzuela,0,0.429,16,18,16.3
121443,227782,1,False,0,0,0,0,0,0,,1,0,0.0,1,0,0,0,,0,0,0,0,0,0,-1,0,0,0.0,3:29,104,Mexico,5.0,Karina Esquer,0,0.0,3,29,3.5
121443,319031,-6,False,0,0,2,3,4,3,0.75,0,0,,4,3,2,1,0.5,0,0,7,2,0,3,4,3,3,100.0,15:9,104,Mexico,2.0,Anisa Jeffreis,0,0.75,15,9,15.2
121444,289878,-16,False,0,0,4,1,4,0,0.0,0,0,,4,0,0,0,,0,0,0,4,1,0,1,1,0,0.0,13:14,125,Puerto Rico,55.0,Jacqueline Benitez,0,0.0,13,14,13.2
121444,225517,0,True,2,1,6,0,2,0,0.0,1,0,0.0,3,0,0,0,,2,4,0,8,0,0,8,2,0,0.0,19:7,125,Puerto Rico,33.0,India Pagan,0,0.0,19,7,19.1
121444,295609,3,False,0,0,0,0,0,0,,0,0,,0,0,0,0,,0,0,0,0,0,0,0,0,0,0.0,3:16,125,Puerto Rico,25.0,Denise Solis,0,,3,16,3.3
121444,323904,9,True,2,0,2,4,3,1,0.333,6,3,0.5,9,4,4,2,0.5,1,3,13,3,0,3,8,2,1,50.0,29:29,125,Puerto Rico,23.0,Trinity San Antonio,1,0.444,29,29,29.5
121444,236841,-3,True,0,0,4,5,10,4,0.4,5,1,0.2,15,5,6,5,0.833,2,2,16,6,0,5,6,4,2,50.0,37:24,125,Puerto Rico,22.0,Arella Guirantes,1,0.333,37,24,37.4
121444,314595,5,True,3,1,5,1,5,0,0.0,9,3,0.333,14,3,2,2,1.0,3,3,11,8,1,2,11,2,0,0.0,33:31,125,Puerto Rico,21.0,Mya Hollingshed,1,0.214,33,31,33.5
121444,393526,0,False,0,0,0,0,0,0,,0,0,,0,0,0,0,,0,0,0,0,0,0,0,0,0,0.0,0:11,125,Puerto Rico,15.0,Angelica Velez,0,,0,11,0.2
121444,295611,0,False,0,0,0,0,0,0,,0,0,,0,0,0,0,,0,0,0,0,0,0,0,0,0,0.0,0:0,125,Puerto Rico,12.0,Ahlana Smith,0,,0,0,0.0
121444,188776,0,False,0,0,0,0,0,0,,0,0,,0,0,0,0,,0,0,0,0,0,0,0,0,0,0.0,0:0,125,Puerto Rico,11.0,Sofia Roma,0,,0,0,0.0
121444,147107,-8,False,2,0,4,0,2,0,0.0,4,1,0.25,6,1,0,0,,2,1,3,6,0,1,5,0,0,0.0,17:20,125,Puerto Rico,5.0,Pamela Rosado,0,0.167,17,20,17.3
121444,291149,8,True,0,0,6,2,4,2,0.5,6,0,0.0,10,2,2,2,1.0,1,1,6,7,3,2,6,3,1,33.3,25:9,125,Puerto Rico,2.0,Brianna Jones,0,0.2,25,9,25.2
121444,181909,-8,False,0,1,2,3,0,0,,1,0,0.0,1,0,4,2,0.5,2,0,2,4,1,1,4,0,0,0.0,21:18,125,Puerto Rico,1.0,Tayra Melendez,0,0.0,21,18,21.3
121444,221606,-3,True,0,1,4,0,3,1,0.333,0,0,,3,1,0,0,,2,1,2,6,0,2,5,3,1,33.3,13:15,14,Argentina,23.0,Victoria Gauna,0,0.333,13,15,13.2
121444,159332,0,True,2,0,1,3,2,0,0.0,6,1,0.167,8,1,2,2,1.0,0,1,5,1,1,0,2,0,0,0.0,30:43,14,Argentina,20.0,Macarena D'urso,0,0.125,30,43,30.7
121444,277271,0,False,0,0,0,0,0,0,,0,0,,0,0,0,0,,0,0,0,0,0,0,0,0,0,0.0,0:0,14,Argentina,19.0,Delfina Saravia,0,,0,0,0.0
121444,214723,7,True,3,0,2,1,6,3,0.5,9,2,0.222,15,5,3,1,0.333,1,2,13,3,3,1,9,5,3,60.0,31:19,14,Argentina,14.0,Florencia Chagas,1,0.333,31,19,31.3
121444,221605,0,False,0,0,1,0,1,0,0.0,0,0,,1,0,0,0,,0,2,0,1,0,0,0,0,0,0.0,3:3,14,Argentina,13.0,Candela Gentinetta,0,0.0,3,3,3.0
121444,163689,2,True,7,0,7,2,6,3,0.5,6,2,0.333,12,5,3,3,1.0,0,2,15,7,2,1,23,4,3,75.0,34:23,14,Argentina,11.0,Melisa Gretter,1,0.417,34,23,34.4
121444,153423,-5,True,0,1,8,5,4,2,0.5,3,0,0.0,7,2,4,2,0.5,1,1,6,9,1,2,8,1,0,0.0,27:41,14,Argentina,10.0,Agostina Burani,0,0.286,27,41,27.7
121444,153434,-8,False,0,0,2,0,2,0,0.0,2,0,0.0,4,0,0,0,,0,1,0,2,0,2,-4,0,0,0.0,9:11,14,Argentina,8.0,Andrea Boquete,0,0.0,9,11,9.2
121444,170619,5,False,0,0,2,1,8,6,0.75,0,0,,8,6,0,0,,1,1,12,3,2,0,15,8,6,75.0,26:46,14,Argentina,7.0,Diana Cabrera,1,0.75,26,46,26.8
121444,176450,2,False,0,0,0,1,0,0,,0,0,,0,0,0,0,,0,1,0,0,0,0,0,0,0,0.0,2:31,14,Argentina,5.0,Flor Martinez,0,,2,31,2.5
121444,214715,3,False,1,0,0,0,0,0,,0,0,,0,0,0,0,,0,0,0,0,0,1,0,0,0,0.0,5:8,14,Argentina,4.0,Amaiquen Siciliano,0,,5,8,5.1
121444,200337,7,False,0,0,1,1,2,0,0.0,2,0,0.0,4,0,0,0,,0,4,0,1,0,0,-3,1,0,0.0,16:1,14,Argentina,3.0,Julieta Mungo,0,0.0,16,1,16.0
121445,318244,33,False,1,0,0,1,6,2,0.333,0,0,,6,2,2,1,0.5,1,3,5,1,2,0,4,6,2,33.3,14:59,154,USA,15.0,Audi Crooks,0,0.333,14,59,15.0
121445,318117,-2,True,0,0,0,0,0,0,,0,0,,0,0,0,0,,0,0,0,0,0,0,0,0,0,0.0,2:22,154,USA,14.0,Grace Van Slooten,0,,2,22,2.4
121445,392661,30,False,2,1,7,4,5,2,0.4,0,0,,5,2,6,4,0.667,3,3,8,10,2,2,16,4,2,50.0,18:6,154,USA,13.0,Raegan Beers,0,0.4,18,6,18.1
121445,298813,10,True,1,2,0,1,9,0,0.0,0,0,,9,0,2,2,1.0,4,0,2,4,1,1,0,8,0,0.0,14:56,154,USA,12.0,Joyce Edwards,0,0.0,14,56,14.9
121445,320127,18,False,2,0,1,0,2,1,0.5,1,1,1.0,3,2,0,0,,0,1,5,1,4,1,10,1,0,0.0,12:14,154,USA,11.0,Kennedy Smith,0,0.667,12,14,12.2
121445,394219,42,False,1,2,4,3,7,5,0.714,0,0,,7,5,2,0,0.0,4,1,10,8,3,2,18,7,5,71.4,18:6,154,USA,10.0,Hannah Stuelke,1,0.714,18,6,18.1
121445,392664,45,False,2,0,3,2,3,3,1.0,6,2,0.333,9,5,2,2,1.0,3,1,14,6,0,1,17,3,3,100.0,18:42,154,USA,9.0,Gianna Kneepkens,1,0.556,18,42,18.7
121445,298282,28,True,3,0,0,3,7,4,0.571,2,1,0.5,9,5,2,2,1.0,3,0,13,3,6,4,17,6,3,50.0,21:2,154,USA,8.0,Madison Booker,1,0.556,21,2,21.0
121445,393527,17,True,2,0,2,3,8,3,0.375,5,2,0.4,13,5,0,0,,1,1,12,3,3,1,11,7,3,42.9,18:42,154,USA,7.0,Mikayla Blakes,1,0.385,18,42,18.7
121445,319297,49,False,9,1,1,2,7,5,0.714,4,2,0.5,11,7,2,1,0.5,3,2,17,4,5,6,25,5,3,60.0,21:18,154,USA,6.0,Hannah Hidalgo,1,0.636,21,18,21.3
121445,268469,20,True,7,0,3,1,1,1,1.0,2,0,0.0,3,1,0,0,,1,1,2,4,1,4,8,1,1,100.0,19:24,154,USA,5.0,Olivia Miles,0,0.333,19,24,19.4
121445,392454,40,False,2,1,3,2,9,6,0.667,3,2,0.667,12,8,4,4,1.0,4,0,22,7,4,1,31,7,5,71.4,20:9,154,USA,4.0,Flaujae Johnson,1,0.667,20,9,20.2
121445,394173,-17,False,0,0,0,2,1,0,0.0,0,0,,1,0,4,1,0.25,0,3,1,0,0,1,-4,1,0,0.0,5:18,51,Dominican Republic,44.0,Ileana Sosa,0,0.0,5,18,5.3
121445,269965,-36,False,1,0,2,0,1,0,0.0,1,0,0.0,2,0,0,0,,0,5,0,2,1,4,-2,1,0,0.0,15:53,51,Dominican Republic,24.0,Hellary De Los Santos,0,0.0,15,53,15.9
121445,205219,-32,False,1,0,3,2,7,4,0.571,2,1,0.5,9,5,2,1,0.5,3,1,12,6,3,5,12,3,3,100.0,23:7,51,Dominican Republic,21.0,Anyi Hodge,1,0.556,23,7,23.1
121445,235951,-19,False,0,0,0,0,1,0,0.0,2,0,0.0,3,0,0,0,,0,0,0,0,1,3,-5,1,0,0.0,8:43,51,Dominican Republic,15.0,Yirsy Queliz,0,0.0,8,43,8.7
121445,239986,-14,True,2,1,4,2,7,1,0.143,0,0,,7,1,0,0,,1,2,2,5,0,1,3,5,1,20.0,17:44,51,Dominican Republic,13.0,Giocelis Reynoso,0,0.143,17,44,17.7
121445,394212,-43,True,0,3,1,2,4,2,0.5,0,0,,4,2,2,1,0.5,0,3,5,1,2,2,6,4,2,50.0,26:16,51,Dominican Republic,9.0,Madelyn  Batista,0,0.5,26,16,26.3
121445,176174,-33,False,1,0,2,1,1,0,0.0,2,1,0.5,3,1,2,0,0.0,1,0,3,3,0,2,1,1,0,0.0,20:50,51,Dominican Republic,8.0,Yamel Abreu,0,0.333,20,50,20.8
121445,162321,-5,False,0,0,0,0,0,0,,1,0,0.0,1,0,0,0,,0,1,0,0,0,0,-1,0,0,0.0,3:39,51,Dominican Republic,7.0,Genesis Evangelista,0,0.0,3,39,3.6
121445,205230,-24,True,5,0,0,3,4,2,0.5,3,0,0.0,7,2,2,1,0.5,1,2,5,1,2,5,2,4,2,50.0,22:55,51,Dominican Republic,6.0,Yenifer Jimenez,0,0.286,22,55,22.9
121445,144776,-35,True,2,0,2,0,5,2,0.4,0,0,,5,2,0,0,,1,1,4,3,0,3,3,3,0,0.0,17:43,51,Dominican Republic,5.0,Yohanna Morton,0,0.4,17,43,17.7
121445,269961,-39,True,0,0,2,0,8,3,0.375,6,1,0.167,14,4,0,0,,1,3,9,3,2,7,-3,5,1,20.0,22:41,51,Dominican Republic,3.0,Cesarina Capellan,0,0.286,22,41,22.7
121445,269964,-33,False,0,0,0,1,1,1,1.0,0,0,,1,1,2,1,0.5,0,1,3,0,2,5,-1,1,1,100.0,15:11,51,Dominican Republic,1.0,Glorivel Rodriguez,0,1.0,15,11,15.2
121446,298515,-1,True,3,0,3,1,6,1,0.167,1,0,0.0,7,1,2,1,0.5,0,4,3,3,4,3,3,4,1,25.0,21:0,34,Canada,30.0,Shayeann Day-Wilson,0,0.143,21,0,21.0
121446,323517,1,False,0,0,0,0,1,0,0.0,0,0,,1,0,0,0,,0,0,0,0,0,0,-1,1,0,0.0,3:5,34,Canada,15.0,Phillipina Kyei,0,0.0,3,5,3.1
121446,161433,34,True,3,3,7,2,6,3,0.5,0,0,,6,3,2,2,1.0,2,1,8,9,3,2,21,5,2,40.0,27:24,34,Canada,14.0,Kayla Alexander,0,0.5,27,24,27.4
121446,235589,7,False,1,0,1,1,1,1,1.0,3,1,0.333,4,2,2,1,0.5,0,1,6,1,0,0,5,1,1,100.0,13:7,34,Canada,13.0,Merissah Russell,0,0.5,13,7,13.1
121446,320676,8,False,1,0,2,0,5,3,0.6,3,1,0.333,8,4,0,0,,0,1,9,2,0,2,6,4,3,75.0,23:0,34,Canada,12.0,Syla Swords,0,0.5,23,0,23.0
121446,188566,-9,False,0,0,1,1,2,1,0.5,0,0,,2,1,2,1,0.5,0,2,3,1,0,0,2,2,1,50.0,4:51,34,Canada,10.0,Emily Potter,0,0.5,4,51,4.8
121446,172742,17,True,2,1,5,3,10,4,0.4,0,0,,10,4,4,4,1.0,2,3,12,7,2,2,16,8,3,37.5,17:28,34,Canada,9.0,Yvonne Ejim,1,0.4,17,28,17.5
121446,266912,11,False,2,0,3,0,2,1,0.5,1,1,1.0,3,2,0,0,,1,1,5,4,0,0,10,2,1,50.0,13:56,34,Canada,8.0,Tara Wallack,0,0.667,13,56,13.9
121446,217042,-8,False,0,1,1,0,0,0,,1,0,0.0,1,0,0,0,,0,0,0,1,0,2,-1,0,0,0.0,9:36,34,Canada,7.0,Niyah Becker,0,0.0,9,36,9.6
121446,188714,17,True,2,0,2,3,3,0,0.0,3,1,0.333,6,1,5,5,1.0,0,1,8,2,1,0,8,2,0,0.0,23:43,34,Canada,4.0,Sami Hill,0,0.167,23,43,23.7
121446,297698,17,False,2,0,1,3,4,2,0.5,1,0,0.0,5,2,4,3,0.75,0,2,7,1,0,2,4,4,2,50.0,18:45,34,Canada,3.0,Delaney Gibb,0,0.4,18,45,18.8
121446,196900,26,True,3,0,5,3,4,4,1.0,4,0,0.0,8,4,4,4,1.0,3,1,12,8,2,0,21,3,3,100.0,24:5,34,Canada,2.0,Shay Colley,1,0.5,24,5,24.1
121446,189134,1,False,1,0,1,0,3,1,0.333,8,4,0.5,11,5,0,0,,1,1,14,2,1,0,12,2,1,50.0,21:16,40,Colombia,22.0,Esperanza Delgado,1,0.455,21,16,21.3
121446,214983,-19,False,0,0,2,0,2,0,0.0,0,0,,2,0,0,0,,0,0,0,2,0,1,-1,1,0,0.0,14:38,40,Colombia,21.0,Valentina Lopez,0,0.0,14,38,14.6
121446,230237,-5,True,1,0,2,2,1,0,0.0,3,1,0.333,4,1,0,0,,0,3,3,2,0,2,1,1,0,0.0,25:22,40,Colombia,19.0,Daniela Gonzalez,0,0.25,25,22,25.4
121446,189132,-6,False,4,0,2,0,3,1,0.333,0,0,,3,1,0,0,,0,0,2,2,0,0,6,2,1,50.0,19:2,40,Colombia,14.0,Marlyn Vente,0,0.333,19,2,19.0
121446,163900,-27,True,1,0,2,4,4,1,0.25,2,0,0.0,6,1,3,2,0.667,0,1,4,2,1,2,0,1,1,100.0,19:41,40,Colombia,12.0,Jenifer Muñoz,0,0.167,19,41,19.7
121446,160664,-15,True,0,0,2,1,1,0,0.0,2,0,0.0,3,0,2,1,0.5,0,1,1,2,0,1,-2,0,0,0.0,13:12,40,Colombia,10.0,Mabel Martínez,0,0.0,13,12,13.2
121446,193445,-17,True,0,0,1,2,3,2,0.667,0,0,,3,2,5,3,0.6,1,1,7,2,0,4,2,2,1,50.0,12:56,40,Colombia,9.0,Manuela Rios,0,0.667,12,56,12.9
121446,251137,-1,False,4,0,3,2,10,4,0.4,1,0,0.0,11,4,0,0,,0,4,8,3,1,6,3,7,4,57.1,20:40,40,Colombia,8.0,Carolina Lopez,0,0.364,20,40,20.7
121446,214994,-1,False,0,0,0,3,2,1,0.5,1,0,0.0,3,1,2,1,0.5,0,1,3,0,2,1,1,2,1,50.0,18:46,40,Colombia,7.0,Mayra Caicedo,0,0.333,18,46,18.8
121446,236912,-18,True,1,1,4,3,10,2,0.2,0,0,,10,2,2,1,0.5,2,3,5,6,3,0,7,10,2,20.0,20:58,40,Colombia,6.0,Yuliany Paz,0,0.2,20,58,21.0
121446,278174,-12,False,0,0,1,0,1,1,1.0,1,0,0.0,2,1,0,0,,0,2,2,1,0,0,2,1,1,100.0,13:30,40,Colombia,5.0,Daihana Murillo,0,0.5,13,30,13.5
121446,314520,0,False,0,0,0,0,0,0,,0,0,,0,0,0,0,,0,0,0,0,0,0,0,0,0,0.0,0:0,40,Colombia,0.0,Marta Moscarella,0,,0,0,0.0
126786,235923,6,False,2,0,2,1,0,0,,2,0,0.0,2,0,2,2,1.0,0,0,2,2,0,0,4,0,0,0.0,4:23,104,Mexico,44.0,Katia Gallegos,0,0.0,4,23,4.4
126786,319490,-14,False,1,0,0,0,1,0,0.0,0,0,,1,0,0,0,,2,3,0,2,0,2,0,0,0,0.0,16:52,104,Mexico,33.0,Ariadna Vidales,0,0.0,16,52,16.9
126786,268451,-5,False,2,0,2,1,2,1,0.5,1,0,0.0,3,1,0,0,,0,5,2,2,1,2,3,1,1,100.0,10:17,104,Mexico,31.0,Mayra Gil,0,0.333,10,17,10.3
126786,213361,-11,True,5,1,1,6,7,3,0.429,5,0,0.0,12,3,2,1,0.5,0,2,7,1,0,4,0,3,2,66.7,35:37,104,Mexico,22.0,Hazel Ramirez,0,0.25,35,37,35.6
126786,215141,1,True,2,0,1,1,3,1,0.333,2,1,0.5,5,2,2,2,1.0,1,1,7,2,2,0,10,2,0,0.0,23:51,104,Mexico,14.0,Alexia Lagunas,0,0.4,23,51,23.8
126786,168876,-2,True,1,2,6,1,7,3,0.429,0,0,,7,3,2,2,1.0,3,1,8,9,0,2,14,5,1,20.0,15:50,104,Mexico,13.0,Myriam Lara,0,0.429,15,50,15.8
126786,369234,1,True,2,0,4,2,7,0,0.0,2,1,0.5,9,1,0,0,,2,4,3,6,0,0,3,6,0,0.0,21:28,104,Mexico,11.0,Gabriela Jaquez,0,0.111,21,28,21.5
126786,198453,-4,True,0,0,2,2,2,1,0.5,6,1,0.167,8,2,3,3,1.0,2,2,8,4,1,2,5,1,1,100.0,29:32,104,Mexico,10.0,Claudia Ramos,0,0.25,29,32,29.5
126786,224418,3,False,1,0,1,1,3,2,0.667,0,0,,3,2,1,1,1.0,0,1,5,1,0,2,4,2,2,100.0,12:48,104,Mexico,7.0,Karla Martinez,0,0.667,12,48,12.8
126786,268370,-3,False,0,0,5,3,7,3,0.429,7,4,0.571,14,7,4,4,1.0,2,3,22,7,2,2,22,6,3,50.0,24:7,104,Mexico,6.0,Mariana Valenzuela,1,0.5,24,7,24.1
126786,227782,0,False,0,0,0,0,0,0,,0,0,,0,0,0,0,,0,0,0,0,0,0,0,0,0,0.0,0:0,104,Mexico,5.0,Karina Esquer,0,,0,0,0.0
126786,319031,3,False,0,0,2,0,1,0,0.0,1,1,1.0,2,1,0,0,,0,0,3,2,0,0,4,1,0,0.0,5:15,104,Mexico,2.0,Anisa Jeffreis,0,0.5,5,15,5.2
126786,289878,9,False,0,0,5,1,3,1,0.333,9,1,0.111,12,2,0,0,,0,2,5,5,3,0,3,2,1,50.0,22:46,125,Puerto Rico,55.0,Jacqueline Benitez,0,0.167,22,46,22.8
126786,225517,7,True,2,1,3,3,3,2,0.667,0,0,,3,2,2,1,0.5,2,3,5,5,0,1,10,2,1,50.0,17:52,125,Puerto Rico,33.0,India Pagan,0,0.667,17,52,17.9
126786,295609,-1,False,0,0,0,0,0,0,,0,0,,0,0,0,0,,1,0,0,1,0,0,1,0,0,0.0,2:21,125,Puerto Rico,25.0,Denise Solis,0,,2,21,2.4
126786,323904,1,True,6,0,3,4,5,5,1.0,2,1,0.5,7,6,4,4,1.0,1,3,17,4,4,2,28,5,5,100.0,29:4,125,Puerto Rico,23.0,Trinity San Antonio,1,0.857,29,4,29.1
126786,236841,0,True,4,0,2,7,6,1,0.167,6,3,0.5,12,4,6,5,0.833,1,2,16,3,1,4,11,4,0,0.0,33:59,125,Puerto Rico,22.0,Arella Guirantes,1,0.333,33,59,34.0
126786,393526,-4,False,1,0,0,0,1,0,0.0,0,0,,1,0,0,0,,0,0,0,0,0,0,0,1,0,0.0,3:5,125,Puerto Rico,15.0,Angelica Velez,0,0.0,3,5,3.1
126786,295611,0,False,0,0,0,0,0,0,,0,0,,0,0,0,0,,0,0,0,0,0,0,0,0,0,0.0,0:0,125,Puerto Rico,12.0,Ahlana Smith,0,,0,0,0.0
126786,188776,0,False,0,0,0,0,0,0,,0,0,,0,0,0,0,,0,0,0,0,0,0,0,0,0,0.0,0:0,125,Puerto Rico,11.0,Sofia Roma,0,,0,0,0.0
126786,147107,8,False,4,0,4,3,1,0,0.0,7,2,0.286,8,2,7,6,0.857,0,2,12,4,1,2,12,1,0,0.0,24:4,125,Puerto Rico,5.0,Pamela Rosado,1,0.25,24,4,24.1
126786,291149,-1,True,0,0,3,0,1,0,0.0,3,0,0.0,4,0,0,0,,1,2,0,4,0,0,0,1,0,0.0,14:51,125,Puerto Rico,2.0,Brianna Jones,0,0.0,14,51,14.8
126786,181909,11,False,1,0,4,2,4,2,0.5,0,0,,4,2,2,0,0.0,1,0,4,5,0,0,6,4,2,50.0,24:39,125,Puerto Rico,1.0,Tayra Melendez,0,0.5,24,39,24.6
126786,314595,-5,True,1,1,3,1,2,1,0.5,9,3,0.333,11,4,2,2,1.0,1,5,13,4,1,2,11,0,0,0.0,27:19,125,Puerto Rico,21.0,Mya Hollingshed,1,0.364,27,19,27.3
126787,394173,-2,False,0,0,0,0,1,0,0.0,0,0,,1,0,0,0,,0,2,0,0,0,0,-1,1,0,0.0,0:53,51,Dominican Republic,44.0,Ileana Sosa,0,0.0,0,53,0.9
126787,269965,-21,False,0,2,6,2,1,0,0.0,0,0,,1,0,2,2,1.0,0,1,2,6,1,0,10,1,0,0.0,16:15,51,Dominican Republic,24.0,Hellary De Los Santos,0,0.0,16,15,16.2
126787,205219,-9,False,1,1,2,1,9,2,0.222,2,0,0.0,11,2,2,0,0.0,3,1,4,5,1,2,-1,8,2,25.0,26:51,51,Dominican Republic,21.0,Anyi Hodge,0,0.182,26,51,26.8
126787,235951,-6,False,2,0,2,1,7,3,0.429,2,1,0.5,9,4,1,1,1.0,3,0,10,5,0,1,11,4,1,25.0,23:39,51,Dominican Republic,15.0,Yirsy Queliz,1,0.444,23,39,23.6
126787,239986,-3,True,0,0,1,3,11,5,0.455,2,0,0.0,13,5,2,1,0.5,7,3,11,8,2,1,11,7,4,57.1,25:13,51,Dominican Republic,13.0,Giocelis Reynoso,1,0.385,25,13,25.2
126787,394212,-20,True,0,1,3,0,4,1,0.25,0,0,,4,1,0,0,,0,1,2,3,0,0,3,2,1,50.0,16:7,51,Dominican Republic,9.0,Madelyn  Batista,0,0.25,16,7,16.1
126787,176174,-5,False,1,0,0,0,3,0,0.0,1,0,0.0,4,0,0,0,,0,1,0,0,1,1,-3,2,0,0.0,14:52,51,Dominican Republic,8.0,Yamel Abreu,0,0.0,14,52,14.9
126787,162321,-5,False,0,0,2,0,3,1,0.333,2,1,0.5,5,2,0,0,,0,0,5,2,0,0,4,1,1,100.0,8:31,51,Dominican Republic,7.0,Genesis Evangelista,0,0.4,8,31,8.5
126787,205230,-18,True,0,0,1,1,2,0,0.0,2,0,0.0,4,0,2,0,0.0,0,1,0,1,1,1,-5,2,0,0.0,9:16,51,Dominican Republic,6.0,Yenifer Jimenez,0,0.0,9,16,9.3
126787,144776,-28,True,1,0,1,2,8,1,0.125,2,0,0.0,10,1,2,1,0.5,3,2,3,4,0,2,-4,7,1,14.3,21:23,51,Dominican Republic,5.0,Yohanna Morton,0,0.1,21,23,21.4
126787,269961,-16,True,3,0,6,1,9,1,0.111,6,4,0.667,15,5,3,2,0.667,1,0,16,7,2,2,15,5,1,20.0,27:36,51,Dominican Republic,3.0,Cesarina Capellan,1,0.333,27,36,27.6
126787,269964,-7,False,0,0,0,0,0,0,,1,0,0.0,1,0,0,0,,0,0,0,0,0,2,-3,0,0,0.0,9:24,51,Dominican Republic,1.0,Glorivel Rodriguez,0,0.0,9,24,9.4
126787,189134,13,False,1,1,1,1,1,1,1.0,11,5,0.455,12,6,2,2,1.0,0,1,19,1,1,0,17,0,0,0.0,15:32,40,Colombia,22.0,Esperanza Delgado,1,0.5,15,32,15.5
126787,214983,16,False,0,0,2,0,5,2,0.4,4,2,0.5,9,4,0,0,,3,0,10,5,0,1,9,2,1,50.0,19:56,40,Colombia,21.0,Valentina Lopez,1,0.444,19,56,19.9
126787,230237,10,True,5,1,2,2,3,1,0.333,2,2,1.0,5,3,0,0,,3,1,8,5,0,2,15,2,0,0.0,19:52,40,Colombia,19.0,Daniela Gonzalez,0,0.6,19,52,19.9
126787,189132,5,False,2,1,4,0,2,1,0.5,0,0,,2,1,0,0,,3,2,2,7,0,0,11,2,1,50.0,12:34,40,Colombia,14.0,Marlyn Vente,0,0.5,12,34,12.6
126787,163900,29,True,0,0,4,1,7,3,0.429,6,2,0.333,13,5,1,1,1.0,3,1,13,7,1,0,13,4,2,50.0,24:36,40,Colombia,12.0,Jenifer Muñoz,1,0.385,24,36,24.6
126787,160664,13,True,1,1,4,0,0,0,,2,1,0.5,2,1,0,0,,0,0,3,4,0,1,7,0,0,0.0,19:50,40,Colombia,10.0,Mabel Martínez,0,0.5,19,50,19.8
126787,193445,21,True,5,0,2,1,7,2,0.286,1,0,0.0,8,2,0,0,,0,1,4,2,1,1,5,5,1,20.0,21:53,40,Colombia,9.0,Manuela Rios,0,0.25,21,53,21.9
126787,251137,6,False,5,0,1,0,2,1,0.5,1,0,0.0,3,1,0,0,,0,2,2,1,0,3,3,1,1,100.0,15:3,40,Colombia,8.0,Carolina Lopez,0,0.333,15,3,15.0
126787,214994,4,False,3,0,0,0,3,0,0.0,1,0,0.0,4,0,0,0,,0,1,0,0,0,0,-1,1,0,0.0,15:58,40,Colombia,7.0,Mayra Caicedo,0,0.0,15,58,16.0
126787,236912,23,True,0,4,12,7,14,8,0.571,2,0,0.0,16,8,6,4,0.667,1,2,20,13,1,4,24,14,8,57.1,27:26,40,Colombia,6.0,Yuliany Paz,1,0.5,27,26,27.4
126787,278174,0,False,1,0,0,0,1,0,0.0,1,0,0.0,2,0,0,0,,1,0,0,1,0,1,-1,0,0,0.0,7:20,40,Colombia,5.0,Daihana Murillo,0,0.0,7,20,7.3
126787,314520,0,False,0,0,0,0,0,0,,0,0,,0,0,0,0,,0,0,0,0,0,0,0,0,0,0.0,0:0,40,Colombia,0.0,Marta Moscarella,0,,0,0,0.0
126788,296041,7,False,5,0,1,4,3,1,0.333,1,0,0.0,4,1,6,4,0.667,0,1,6,1,2,1,8,1,0,0.0,19:41,27,Brazil,30.0,Catarina Ferreira,0,0.25,19,41,19.7
126788,193492,22,False,2,1,9,1,8,3,0.375,4,1,0.25,12,4,2,2,1.0,0,1,11,9,2,1,16,8,3,37.5,18:19,27,Brazil,26.0,Thayna Silva,1,0.333,18,19,18.3
126788,178708,29,True,6,0,3,1,3,2,0.667,4,1,0.25,7,3,2,2,1.0,0,2,9,3,0,1,13,2,1,50.0,16:9,27,Brazil,24.0,Alana Gonçalo,0,0.429,16,9,16.2
126788,186510,26,True,2,1,3,1,1,1,1.0,1,1,1.0,2,2,2,0,0.0,2,3,5,5,0,0,11,1,1,100.0,15:37,27,Brazil,22.0,Vitoria Marcelino,0,1.0,15,37,15.6
126788,259742,1,False,0,1,0,0,1,0,0.0,0,0,,1,0,0,0,,0,2,0,0,1,0,1,1,0,0.0,8:24,27,Brazil,21.0,Manu Alves,0,0.0,8,24,8.4
126788,200399,9,False,2,0,1,3,3,2,0.667,0,0,,3,2,6,5,0.833,3,0,9,4,0,0,13,3,2,66.7,15:7,27,Brazil,18.0,Aline Moura,0,0.667,15,7,15.1
126788,175283,11,False,9,0,2,3,1,1,1.0,1,1,1.0,2,2,4,4,1.0,0,4,9,2,1,1,20,0,0,0.0,23:51,27,Brazil,17.0,Cacá Martins,0,1.0,23,51,23.8
126788,172947,29,True,3,0,3,6,6,5,0.833,1,0,0.0,7,5,7,6,0.857,0,2,16,3,1,1,19,5,4,80.0,22:10,27,Brazil,12.0,Damiris Dantas,1,0.714,22,10,22.2
126788,215026,13,False,1,0,0,1,1,0,0.0,2,1,0.5,3,1,2,2,1.0,0,0,5,0,0,1,3,1,0,0.0,15:59,27,Brazil,11.0,Emanuely De Oliveira,0,0.333,15,59,16.0
126788,215036,19,True,2,2,7,2,9,8,0.889,0,0,,9,8,0,0,,1,2,16,8,1,0,28,9,8,88.9,16:0,27,Brazil,10.0,Kamilla Cardoso,1,0.889,16,0,16.0
126788,392716,33,True,3,0,1,1,3,1,0.333,7,6,0.857,10,7,2,2,1.0,0,0,22,1,0,0,23,2,1,50.0,20:19,27,Brazil,8.0,Bella Nascimento,1,0.7,20,19,20.3
126788,368432,1,False,0,0,1,0,0,0,,0,0,,0,0,0,0,,0,0,0,1,0,0,1,0,0,0.0,8:24,27,Brazil,5.0,Ayla McDowell,0,,8,24,8.4
126788,221606,-15,True,0,0,3,1,4,2,0.5,1,0,0.0,5,2,2,2,1.0,1,5,6,4,0,2,5,4,2,50.0,17:53,14,Argentina,23.0,Victoria Gauna,0,0.4,17,53,17.9
126788,159332,-19,True,1,0,0,0,2,1,0.5,0,0,,2,1,0,0,,0,1,2,0,0,1,1,1,1,100.0,12:34,14,Argentina,20.0,Macarena D'urso,0,0.5,12,34,12.6
126788,277271,-11,False,1,0,2,0,1,0,0.0,0,0,,1,0,0,0,,0,3,0,2,0,1,1,1,0,0.0,12:40,14,Argentina,19.0,Delfina Saravia,0,0.0,12,40,12.7
126788,214723,-20,True,1,0,0,1,6,2,0.333,1,0,0.0,7,2,0,0,,0,0,4,0,0,1,-1,3,1,33.3,16:51,14,Argentina,14.0,Florencia Chagas,0,0.286,16,51,16.8
126788,221605,-18,False,0,0,5,3,7,2,0.286,1,0,0.0,8,2,2,2,1.0,1,1,6,6,0,1,5,5,2,40.0,19:8,14,Argentina,13.0,Candela Gentinetta,0,0.25,19,8,19.1
126788,153423,-23,True,2,0,1,5,1,0,0.0,1,1,1.0,2,1,4,4,1.0,0,3,7,1,0,0,9,1,0,0.0,17:20,14,Argentina,10.0,Agostina Burani,0,0.5,17,20,17.3
126788,153434,-16,False,1,0,0,0,3,2,0.667,3,0,0.0,6,2,0,0,,0,0,4,0,1,0,2,0,0,0.0,15:43,14,Argentina,8.0,Andrea Boquete,0,0.333,15,43,15.7
126788,170619,-23,False,3,0,0,2,7,1,0.143,0,0,,7,1,2,2,1.0,2,1,4,2,0,1,2,7,1,14.3,16:46,14,Argentina,7.0,Diana Cabrera,0,0.143,16,46,16.8
126788,176450,-14,False,1,0,0,1,4,2,0.5,1,1,1.0,5,3,2,1,0.5,0,1,8,0,1,1,6,3,1,33.3,24:15,14,Argentina,5.0,Flor Martinez,0,0.6,24,15,24.2
126788,214715,-8,False,3,0,1,3,4,3,0.75,3,1,0.333,7,4,4,3,0.75,0,4,12,1,0,2,10,3,2,66.7,20:5,14,Argentina,4.0,Amaiquen Siciliano,1,0.571,20,5,20.1
126788,200337,-1,False,0,0,0,0,0,0,,3,0,0.0,3,0,0,0,,0,2,0,0,0,0,-3,0,0,0.0,6:50,14,Argentina,3.0,Julieta Mungo,0,0.0,6,50,6.8
126788,163689,-32,True,2,0,3,1,6,2,0.333,6,3,0.5,12,5,2,2,1.0,1,2,15,4,2,0,16,5,1,20.0,19:55,14,Argentina,11.0,Melisa Gretter,1,0.417,19,55,19.9
126789,318244,0,False,0,0,0,0,0,0,,0,0,,0,0,0,0,,0,0,0,0,0,0,0,0,0,0.0,0:0,154,USA,15.0,Audi Crooks,0,,0,0,0.0
126789,318117,9,False,0,2,2,1,4,1,0.25,0,0,,4,1,0,0,,3,0,2,5,1,0,7,4,1,25.0,12:1,154,USA,14.0,Grace Van Slooten,0,0.25,12,1,12.0
126789,392661,-2,True,1,1,2,1,4,1,0.25,0,0,,4,1,1,1,1.0,1,0,3,3,2,0,7,3,1,33.3,12:46,154,USA,13.0,Raegan Beers,0,0.25,12,46,12.8
126789,298813,-5,True,0,0,4,1,4,0,0.0,0,0,,4,0,2,2,1.0,1,0,2,5,0,2,1,4,0,0.0,20:15,154,USA,12.0,Joyce Edwards,0,0.0,20,15,20.2
126789,320127,15,False,1,3,2,3,2,1,0.5,1,1,1.0,3,2,2,2,1.0,0,1,7,2,3,0,15,1,1,100.0,23:54,154,USA,11.0,Kennedy Smith,0,0.667,23,54,23.9
126789,394219,15,False,0,1,4,0,2,1,0.5,0,0,,2,1,0,0,,1,0,2,5,1,0,8,2,1,50.0,18:15,154,USA,10.0,Hannah Stuelke,0,0.5,18,15,18.2
126789,392664,7,False,1,1,2,1,2,0,0.0,0,0,,2,0,1,1,1.0,0,0,1,2,1,1,3,2,0,0.0,11:47,154,USA,9.0,Gianna Kneepkens,0,0.0,11,47,11.8
126789,298282,7,True,0,0,3,3,10,4,0.4,2,0,0.0,12,4,5,4,0.8,1,2,12,4,2,3,6,3,3,100.0,29:30,154,USA,8.0,Madison Booker,1,0.333,29,30,29.5
126789,393527,9,True,0,1,4,2,5,1,0.2,3,2,0.667,8,3,4,3,0.75,0,2,11,4,2,5,7,5,1,20.0,25:18,154,USA,7.0,Mikayla Blakes,1,0.375,25,18,25.3
126789,319297,18,False,4,0,2,5,15,8,0.533,3,0,0.0,18,8,5,3,0.6,2,2,19,4,4,2,17,11,8,72.7,24:9,154,USA,6.0,Hannah Hidalgo,1,0.444,24,9,24.2
126789,268469,-10,True,1,0,4,0,4,3,0.75,3,0,0.0,7,3,0,0,,1,3,6,5,1,3,6,4,3,75.0,18:38,154,USA,5.0,Olivia Miles,0,0.429,18,38,18.6
126789,392454,-3,False,0,1,1,1,1,0,0.0,0,0,,1,0,0,0,,0,0,0,1,0,1,0,1,0,0.0,3:28,154,USA,4.0,Flaujae Johnson,0,0.0,3,28,3.5
126789,298515,-12,True,3,1,4,2,7,0,0.0,3,0,0.0,10,0,2,2,1.0,0,2,2,4,2,5,-3,5,0,0.0,27:49,34,Canada,30.0,Shayeann Day-Wilson,0,0.0,27,49,27.8
126789,323517,4,False,1,1,1,0,2,1,0.5,0,0,,2,1,0,0,,1,0,2,2,0,0,5,2,1,50.0,5:56,34,Canada,15.0,Phillipina Kyei,0,0.5,5,56,5.9
126789,161433,-13,True,0,3,8,1,10,5,0.5,0,0,,10,5,0,0,,5,2,10,13,1,2,20,7,3,42.9,27:59,34,Canada,14.0,Kayla Alexander,1,0.5,27,59,28.0
126789,235589,0,False,0,0,1,1,3,2,0.667,1,1,1.0,4,3,2,2,1.0,0,2,9,1,0,0,9,3,2,66.7,14:5,34,Canada,13.0,Merissah Russell,0,0.75,14,5,14.1
126789,320676,-7,False,4,0,2,1,8,1,0.125,1,0,0.0,9,1,2,2,1.0,4,1,4,6,1,2,5,4,0,0.0,32:41,34,Canada,12.0,Syla Swords,0,0.111,32,41,32.7
126789,188566,0,False,0,0,0,0,0,0,,0,0,,0,0,0,0,,0,0,0,0,0,0,0,0,0,0.0,0:0,34,Canada,10.0,Emily Potter,0,,0,0,0.0
126789,172742,-16,True,1,1,7,0,7,2,0.286,0,0,,7,2,0,0,,3,2,4,10,0,0,11,3,1,33.3,21:33,34,Canada,9.0,Yvonne Ejim,0,0.286,21,33,21.6
126789,266912,1,False,0,0,2,0,2,0,0.0,2,0,0.0,4,0,0,0,,1,0,0,3,0,1,-2,2,0,0.0,10:27,34,Canada,8.0,Tara Wallack,0,0.0,10,27,10.4
126789,217042,0,False,0,0,0,0,0,0,,0,0,,0,0,0,0,,0,0,0,0,0,0,0,0,0,0.0,0:0,34,Canada,7.0,Niyah Becker,0,,0,0,0.0
126789,188714,-9,True,1,0,0,1,5,2,0.4,3,0,0.0,8,2,2,2,1.0,0,2,6,0,1,4,-2,2,1,50.0,23:8,34,Canada,4.0,Sami Hill,0,0.25,23,8,23.1
126789,297698,-4,False,1,0,3,4,9,2,0.222,2,0,0.0,11,2,5,5,1.0,1,3,9,4,3,3,5,7,2,28.6,18:56,34,Canada,3.0,Delaney Gibb,0,0.182,18,56,18.9
126789,196900,-4,True,0,0,1,0,7,2,0.286,2,1,0.5,9,3,0,0,,0,5,7,1,1,4,-1,5,1,20.0,17:26,34,Canada,2.0,Shay Colley,0,0.333,17,26,17.4
126790,235923,14,False,4,0,1,2,3,0,0.0,3,1,0.333,6,1,2,2,1.0,0,0,5,1,2,2,5,2,0,0.0,19:0,104,Mexico,44.0,Katia Gallegos,0,0.167,19,0,19.0
126790,319490,16,False,2,0,2,0,5,2,0.4,1,0,0.0,6,2,0,0,,0,0,4,2,0,1,3,4,2,50.0,18:50,104,Mexico,33.0,Ariadna Vidales,0,0.333,18,50,18.8
126790,268451,-1,False,1,0,0,1,0,0,,1,0,0.0,1,0,0,0,,0,0,0,0,0,1,-1,0,0,0.0,3:55,104,Mexico,31.0,Mayra Gil,0,0.0,3,55,3.9
126790,213361,16,True,6,0,2,1,1,1,1.0,0,0,,1,1,0,0,,0,1,2,2,1,1,10,1,1,100.0,20:28,104,Mexico,22.0,Hazel Ramirez,0,1.0,20,28,20.5
126790,215141,18,True,2,0,2,0,2,1,0.5,3,2,0.667,5,3,0,0,,0,1,8,2,0,1,9,1,1,100.0,17:13,104,Mexico,14.0,Alexia Lagunas,0,0.6,17,13,17.2
126790,168876,0,True,1,1,1,0,8,4,0.5,0,0,,8,4,0,0,,2,1,8,3,0,1,8,6,3,50.0,18:8,104,Mexico,13.0,Myriam Lara,0,0.5,18,8,18.1
126790,369234,7,True,1,0,6,1,11,6,0.545,7,1,0.143,18,7,0,0,,2,0,15,8,0,1,12,10,5,50.0,21:51,104,Mexico,11.0,Gabriela Jaquez,1,0.389,21,51,21.8
126790,198453,13,False,1,0,0,1,1,0,0.0,3,1,0.333,4,1,2,1,0.5,2,0,4,2,1,0,4,1,0,0.0,12:20,104,Mexico,10.0,Claudia Ramos,0,0.25,12,20,12.3
126790,224418,13,False,0,0,4,1,0,0,,3,0,0.0,3,0,2,2,1.0,1,0,2,5,1,3,2,0,0,0.0,10:38,104,Mexico,7.0,Karla Martinez,0,0.0,10,38,10.6
126790,268370,26,False,2,1,10,4,8,4,0.5,3,2,0.667,11,6,4,2,0.5,7,3,16,17,0,2,27,8,4,50.0,20:4,104,Mexico,6.0,Mariana Valenzuela,1,0.545,20,4,20.1
126790,227782,17,False,3,0,1,0,1,1,1.0,7,2,0.286,8,3,0,0,,1,1,8,2,3,1,10,1,1,100.0,16:53,104,Mexico,5.0,Karina Esquer,0,0.375,16,53,16.9
126790,319031,11,True,4,2,8,2,3,2,0.667,4,2,0.5,7,4,2,2,1.0,3,1,12,11,0,2,24,2,2,100.0,20:40,104,Mexico,2.0,Anisa Jeffreis,1,0.571,20,40,20.7
126790,394173,-8,False,0,0,3,0,8,3,0.375,0,0,,8,3,0,0,,2,2,6,5,0,2,4,6,3,50.0,15:33,51,Dominican Republic,44.0,Ileana Sosa,0,0.375,15,33,15.6
126790,269965,-5,False,0,0,0,0,0,0,,0,0,,0,0,0,0,,0,0,0,0,0,0,0,0,0,0.0,1:30,51,Dominican Republic,24.0,Hellary De Los Santos,0,,1,30,1.5
126790,205219,-13,True,1,0,3,1,11,2,0.182,3,1,0.333,14,3,1,1,1.0,2,1,8,5,0,2,1,10,2,20.0,20:21,51,Dominican Republic,21.0,Anyi Hodge,0,0.214,20,21,20.4
126790,235951,-8,True,3,1,4,0,3,1,0.333,3,2,0.667,6,3,0,0,,1,0,8,5,2,1,15,2,1,50.0,22:44,51,Dominican Republic,15.0,Yirsy Queliz,0,0.5,22,44,22.7
126790,239986,-22,True,2,0,5,0,8,2,0.25,1,0,0.0,9,2,0,0,,4,4,4,9,0,3,5,6,2,33.3,24:27,51,Dominican Republic,13.0,Giocelis Reynoso,0,0.222,24,27,24.4
126790,394212,-15,False,2,1,3,4,5,2,0.4,0,0,,5,2,0,0,,2,2,4,5,1,0,10,4,1,25.0,24:17,51,Dominican Republic,9.0,Madelyn  Batista,0,0.4,24,17,24.3
126790,176174,-17,True,3,0,1,2,6,3,0.5,2,0,0.0,8,3,3,0,0.0,1,0,6,2,1,1,3,5,3,60.0,31:5,51,Dominican Republic,8.0,Yamel Abreu,0,0.375,31,5,31.1
126790,162321,-11,False,1,0,0,0,1,0,0.0,8,1,0.125,9,1,0,0,,0,2,3,0,1,1,-4,1,0,0.0,12:40,51,Dominican Republic,7.0,Genesis Evangelista,0,0.111,12,40,12.7
126790,205230,0,False,0,0,0,0,0,0,,0,0,,0,0,0,0,,0,0,0,0,0,0,0,0,0,0.0,0:0,51,Dominican Republic,6.0,Yenifer Jimenez,0,,0,0,0.0
126790,144776,-18,False,1,0,0,0,1,0,0.0,3,0,0.0,4,0,0,0,,0,0,0,0,1,2,-4,1,0,0.0,9:11,51,Dominican Republic,5.0,Yohanna Morton,0,0.0,9,11,9.2
126790,269961,-19,True,2,0,0,1,6,4,0.667,8,2,0.25,14,6,2,1,0.5,0,1,15,0,3,2,9,6,4,66.7,23:15,51,Dominican Republic,3.0,Cesarina Capellan,1,0.429,23,15,23.2
126790,269964,-14,False,2,0,4,0,0,0,,2,0,0.0,2,0,0,0,,1,1,0,5,0,0,5,0,0,0.0,14:57,51,Dominican Republic,1.0,Glorivel Rodriguez,0,0.0,14,57,15.0
126791,289878,-1,False,0,0,3,0,4,0,0.0,2,0,0.0,6,0,0,0,,2,1,0,5,0,0,-1,4,0,0.0,19:58,125,Puerto Rico,55.0,Jacqueline Benitez,0,0.0,19,58,20.0
126791,225517,-7,True,0,0,0,1,4,1,0.25,0,0,,4,1,2,2,1.0,1,3,4,1,2,1,3,3,1,33.3,11:15,125,Puerto Rico,33.0,India Pagan,0,0.25,11,15,11.2
126791,295609,0,False,1,0,0,0,1,0,0.0,0,0,,1,0,0,0,,1,1,0,1,0,0,1,1,0,0.0,3:22,125,Puerto Rico,25.0,Denise Solis,0,0.0,3,22,3.4
126791,323904,-8,True,2,0,3,3,10,5,0.5,1,0,0.0,11,5,4,3,0.75,1,4,13,4,0,1,11,7,4,57.1,33:16,125,Puerto Rico,23.0,Trinity San Antonio,1,0.455,33,16,33.3
126791,236841,0,False,0,0,0,0,0,0,,0,0,,0,0,0,0,,0,0,0,0,0,0,0,0,0,0.0,0:0,125,Puerto Rico,22.0,Arella Guirantes,0,,0,0,0.0
126791,314595,-9,True,2,2,6,6,4,2,0.5,7,2,0.286,11,4,4,1,0.25,2,3,11,8,6,0,19,3,1,33.3,35:21,125,Puerto Rico,21.0,Mya Hollingshed,1,0.364,35,21,35.4
126791,393526,-1,False,1,0,1,0,8,2,0.25,2,0,0.0,10,2,0,0,,1,2,4,2,1,1,-1,7,2,28.6,14:30,125,Puerto Rico,15.0,Angelica Velez,0,0.2,14,30,14.5
126791,295611,0,False,0,0,0,0,0,0,,0,0,,0,0,0,0,,0,0,0,0,0,0,0,0,0,0.0,0:0,125,Puerto Rico,12.0,Ahlana Smith,0,,0,0,0.0
126791,188776,-4,False,1,0,0,0,2,0,0.0,0,0,,2,0,0,0,,2,0,0,2,1,0,2,1,0,0.0,2:32,125,Puerto Rico,11.0,Sofia Roma,0,0.0,2,32,2.5
126791,147107,-13,True,7,0,7,2,6,4,0.667,11,3,0.273,17,7,0,0,,2,2,17,9,1,2,22,3,2,66.7,35:27,125,Puerto Rico,5.0,Pamela Rosado,1,0.412,35,27,35.4
126791,291149,-6,True,0,0,0,0,2,1,0.5,2,1,0.5,4,2,0,0,,0,1,5,0,0,0,3,0,0,0.0,15:49,125,Puerto Rico,2.0,Brianna Jones,0,0.5,15,49,15.8
126791,181909,-6,False,0,0,1,1,6,4,0.667,1,1,1.0,7,5,0,0,,1,3,11,2,1,1,11,6,4,66.7,28:30,125,Puerto Rico,1.0,Tayra Melendez,1,0.714,28,30,28.5
126791,189134,-3,False,0,0,0,0,0,0,,2,0,0.0,2,0,0,0,,0,1,0,0,0,0,-2,0,0,0.0,12:10,40,Colombia,22.0,Esperanza Delgado,0,0.0,12,10,12.2
126791,214983,5,False,0,0,1,2,2,2,1.0,1,1,1.0,3,3,2,2,1.0,0,1,9,1,0,0,10,1,1,100.0,11:26,40,Colombia,21.0,Valentina Lopez,0,1.0,11,26,11.4
126791,230237,6,True,4,0,5,0,5,2,0.4,4,0,0.0,9,2,0,0,,3,0,4,8,0,1,8,3,2,66.7,28:34,40,Colombia,19.0,Daniela Gonzalez,0,0.222,28,34,28.6
126791,189132,-7,False,0,0,2,2,2,1,0.5,0,0,,2,1,4,3,0.75,1,3,5,3,0,1,5,2,1,50.0,13:21,40,Colombia,14.0,Marlyn Vente,0,0.5,13,21,13.4
126791,163900,9,True,3,0,5,0,4,2,0.5,7,2,0.286,11,4,1,1,1.0,0,2,11,5,1,1,12,4,2,50.0,31:56,40,Colombia,12.0,Jenifer Muñoz,1,0.364,31,56,31.9
126791,160664,15,True,1,0,7,1,3,2,0.667,4,3,0.75,7,5,0,0,,3,2,13,10,0,0,22,1,0,0.0,30:50,40,Colombia,10.0,Mabel Martínez,1,0.714,30,50,30.8
126791,193445,16,True,10,0,7,4,12,4,0.333,3,1,0.333,15,5,5,2,0.4,2,1,13,9,2,4,17,7,3,42.9,29:6,40,Colombia,9.0,Manuela Rios,1,0.333,29,6,29.1
126791,251137,-7,False,1,0,1,1,1,0,0.0,1,0,0.0,2,0,0,0,,0,1,0,1,0,2,-2,0,0,0.0,9:52,40,Colombia,8.0,Carolina Lopez,0,0.0,9,52,9.9
126791,214994,3,False,0,0,0,4,0,0,,0,0,,0,0,4,3,0.75,1,1,3,1,0,0,3,0,0,0.0,6:5,40,Colombia,7.0,Mayra Caicedo,0,,6,5,6.1
126791,236912,18,True,0,2,4,6,9,6,0.667,0,0,,9,6,7,6,0.857,3,1,18,7,0,4,19,9,6,66.7,26:39,40,Colombia,6.0,Yuliany Paz,1,0.667,26,39,26.6
126791,278174,0,False,0,0,0,0,0,0,,0,0,,0,0,0,0,,0,0,0,0,0,0,0,0,0,0.0,0:0,40,Colombia,5.0,Daihana Murillo,0,,0,0,0.0
126791,314520,0,False,0,0,0,0,0,0,,0,0,,0,0,0,0,,0,0,0,0,0,0,0,0,0,0.0,0:0,40,Colombia,0.0,Marta Moscarella,0,,0,0,0.0
126792,221606,-1,True,1,0,0,0,2,0,0.0,0,0,,2,0,0,0,,0,4,0,0,1,0,0,2,0,0.0,10:57,14,Argentina,23.0,Victoria Gauna,0,0.0,10,57,11.0
126792,159332,12,True,3,0,7,4,9,3,0.333,10,5,0.5,19,8,4,1,0.25,0,2,22,7,2,0,20,5,3,60.0,39:5,14,Argentina,20.0,Macarena D'urso,1,0.421,39,5,39.1
126792,277271,-4,False,1,1,0,1,0,0,,0,0,,0,0,2,2,1.0,0,1,2,0,0,0,4,0,0,0.0,11:27,14,Argentina,19.0,Delfina Saravia,0,,11,27,11.4
126792,214723,-9,True,1,0,1,1,5,1,0.2,6,3,0.5,11,4,2,1,0.5,0,2,12,1,0,1,5,5,1,20.0,32:50,14,Argentina,14.0,Florencia Chagas,1,0.364,32,50,32.8
126792,221605,-1,False,0,0,0,0,0,0,,0,0,,0,0,0,0,,0,0,0,0,0,0,0,0,0,0.0,4:57,14,Argentina,13.0,Candela Gentinetta,0,,4,57,5.0
126792,163689,-1,True,5,0,5,4,13,6,0.462,8,1,0.125,21,7,3,2,0.667,0,4,17,5,1,5,8,10,5,50.0,42:40,14,Argentina,11.0,Melisa Gretter,1,0.333,42,40,42.7
126792,153423,3,True,4,0,5,7,2,1,0.5,6,1,0.167,8,2,3,1,0.333,2,4,6,7,2,0,11,1,1,100.0,41:15,14,Argentina,10.0,Agostina Burani,0,0.25,41,15,41.2
126792,153434,9,False,1,0,2,0,2,2,1.0,1,0,0.0,3,2,2,0,0.0,0,1,4,2,0,1,3,0,0,0.0,14:24,14,Argentina,8.0,Andrea Boquete,0,0.667,14,24,14.4
126792,170619,-1,False,1,1,9,5,8,4,0.5,0,0,,8,4,1,1,1.0,3,4,9,12,2,2,19,7,3,42.9,38:20,14,Argentina,7.0,Diana Cabrera,0,0.5,38,20,38.3
126792,176450,-8,False,0,0,1,1,0,0,,0,0,,0,0,0,0,,0,1,0,1,0,1,0,0,0,0.0,3:33,14,Argentina,5.0,Flor Martinez,0,,3,33,3.6
126792,214715,3,False,0,0,0,0,2,0,0.0,2,1,0.5,4,1,0,0,,0,1,3,0,0,0,0,2,0,0.0,7:4,14,Argentina,4.0,Amaiquen Siciliano,0,0.25,7,4,7.1
126792,200337,-7,False,0,0,1,0,0,0,,1,0,0.0,1,0,0,0,,0,0,0,1,0,1,-1,0,0,0.0,3:29,14,Argentina,3.0,Julieta Mungo,0,0.0,3,29,3.5
126792,298515,-6,True,4,0,0,3,6,1,0.167,2,0,0.0,8,1,2,1,0.5,0,4,3,0,1,3,-3,4,1,25.0,27:53,34,Canada,30.0,Shayeann Day-Wilson,0,0.125,27,53,27.9
126792,323517,2,False,0,0,3,0,2,1,0.5,0,0,,2,1,0,0,,2,0,2,5,0,0,6,2,1,50.0,6:17,34,Canada,15.0,Phillipina Kyei,0,0.5,6,17,6.3
126792,161433,0,True,2,1,8,4,11,5,0.455,1,0,0.0,12,5,4,3,0.75,5,5,13,13,1,4,18,7,3,42.9,37:43,34,Canada,14.0,Kayla Alexander,1,0.417,37,43,37.7
126792,235589,12,False,0,0,0,0,2,0,0.0,2,0,0.0,4,0,0,0,,2,1,0,2,0,0,-2,2,0,0.0,7:55,34,Canada,13.0,Merissah Russell,0,0.0,7,55,7.9
126792,320676,17,False,3,1,5,1,9,4,0.444,11,5,0.455,20,9,1,0,0.0,1,3,23,6,0,3,18,5,4,80.0,35:29,34,Canada,12.0,Syla Swords,1,0.45,35,29,35.5
126792,188566,0,False,0,0,0,0,0,0,,0,0,,0,0,0,0,,0,0,0,0,0,0,0,0,0,0.0,0:0,34,Canada,10.0,Emily Potter,0,,0,0,0.0
126792,172742,-5,True,1,0,13,3,2,0,0.0,0,0,,2,0,4,1,0.25,3,3,1,16,1,2,12,2,0,0.0,37:31,34,Canada,9.0,Yvonne Ejim,0,0.0,37,31,37.5
126792,266912,-7,False,0,1,2,1,1,0,0.0,3,0,0.0,4,0,2,2,1.0,0,0,2,2,0,0,1,1,0,0.0,10:34,34,Canada,8.0,Tara Wallack,0,0.0,10,34,10.6
126792,217042,-4,False,0,0,2,0,1,0,0.0,0,0,,1,0,0,0,,0,1,0,2,0,0,1,1,0,0.0,4:15,34,Canada,7.0,Niyah Becker,0,0.0,4,15,4.2
126792,188714,-8,True,2,0,5,8,3,3,1.0,5,1,0.2,8,4,12,7,0.583,1,2,16,6,1,2,14,3,3,100.0,34:11,34,Canada,4.0,Sami Hill,1,0.5,34,11,34.2
126792,297698,4,False,4,1,5,1,4,1,0.25,4,2,0.5,8,3,2,1,0.5,0,4,9,5,2,3,12,4,1,25.0,33:41,34,Canada,3.0,Delaney Gibb,0,0.375,33,41,33.7
126792,196900,0,True,1,0,0,3,0,0,,4,1,0.25,4,1,4,4,1.0,0,0,7,0,2,1,6,0,0,0.0,14:31,34,Canada,2.0,Shay Colley,0,0.25,14,31,14.5
126793,296041,8,False,0,0,1,0,1,0,0.0,0,0,,1,0,0,0,,0,1,0,1,0,0,0,1,0,0.0,3:44,27,Brazil,30.0,Catarina Ferreira,0,0.0,3,44,3.7
126793,193492,0,False,0,0,0,0,0,0,,0,0,,0,0,0,0,,0,0,0,0,0,0,0,0,0,0.0,0:0,27,Brazil,26.0,Thayna Silva,0,,0,0,0.0
126793,178708,-10,True,3,1,1,1,1,0,0.0,3,0,0.0,4,0,0,0,,0,5,0,1,1,3,-1,0,0,0.0,24:18,27,Brazil,24.0,Alana Gonçalo,0,0.0,24,18,24.3
126793,186510,-7,True,2,1,2,1,3,1,0.333,2,1,0.5,5,2,0,0,,1,4,5,3,0,1,7,3,1,33.3,25:28,27,Brazil,22.0,Vitoria Marcelino,0,0.4,25,28,25.5
126793,259742,0,False,0,0,0,0,0,0,,0,0,,0,0,0,0,,0,0,0,0,0,0,0,0,0,0.0,0:10,27,Brazil,21.0,Manu Alves,0,,0,10,0.2
126793,200399,-21,False,3,1,3,1,5,0,0.0,1,0,0.0,6,0,2,1,0.5,2,3,1,5,1,1,3,5,0,0.0,21:59,27,Brazil,18.0,Aline Moura,0,0.0,21,59,22.0
126793,175283,2,False,3,0,0,0,2,0,0.0,1,0,0.0,3,0,0,0,,0,1,0,0,3,2,1,2,0,0.0,15:42,27,Brazil,17.0,Cacá Martins,0,0.0,15,42,15.7
126793,172947,-8,True,4,0,7,12,14,10,0.714,5,1,0.2,19,11,15,12,0.8,1,1,35,8,2,1,37,10,6,60.0,40:0,27,Brazil,12.0,Damiris Dantas,1,0.579,40,0,40.0
126793,215026,-1,False,0,0,3,0,0,0,,1,0,0.0,1,0,0,0,,2,2,0,5,0,0,4,0,0,0.0,14:32,27,Brazil,11.0,Emanuely De Oliveira,0,0.0,14,32,14.5
126793,215036,13,True,2,1,4,6,8,5,0.625,0,0,,8,5,11,9,0.818,1,4,19,5,1,4,19,8,5,62.5,17:51,27,Brazil,10.0,Kamilla Cardoso,1,0.625,17,51,17.8
126793,392716,-16,True,3,0,1,3,4,1,0.25,9,5,0.556,13,6,7,7,1.0,0,3,24,1,1,5,17,3,1,33.3,36:16,27,Brazil,8.0,Bella Nascimento,1,0.462,36,16,36.3
126793,368432,0,False,0,0,0,0,0,0,,0,0,,0,0,0,0,,0,0,0,0,0,0,0,0,0,0.0,0:0,27,Brazil,5.0,Ayla McDowell,0,,0,0,0.0
126793,318244,-4,False,0,0,0,1,1,1,1.0,0,0,,1,1,2,2,1.0,1,0,4,1,0,0,5,1,1,100.0,5:31,154,USA,15.0,Audi Crooks,0,1.0,5,31,5.5
126793,318117,19,False,1,1,3,0,9,4,0.444,0,0,,9,4,0,0,,1,2,8,4,2,0,11,9,4,44.4,25:3,154,USA,14.0,Grace Van Slooten,0,0.444,25,3,25.0
126793,392661,-1,True,0,1,0,1,2,1,0.5,1,0,0.0,3,1,2,2,1.0,1,5,4,1,1,0,5,1,1,100.0,6:34,154,USA,13.0,Raegan Beers,0,0.333,6,34,6.6
126793,298813,2,True,1,0,3,3,4,3,0.75,1,0,0.0,5,3,5,5,1.0,4,3,11,7,1,1,17,4,3,75.0,20:14,154,USA,12.0,Joyce Edwards,1,0.6,20,14,20.2
126793,320127,-5,False,0,0,0,0,2,0,0.0,0,0,,2,0,0,0,,0,2,0,0,0,0,-2,2,0,0.0,15:30,154,USA,11.0,Kennedy Smith,0,0.0,15,30,15.5
126793,394219,0,False,1,1,6,2,2,2,1.0,0,0,,2,2,4,3,0.75,1,2,7,7,2,1,16,2,2,100.0,22:38,154,USA,10.0,Hannah Stuelke,0,1.0,22,38,22.6
126793,392664,-4,False,1,0,1,0,1,0,0.0,1,0,0.0,2,0,0,0,,1,1,0,2,0,1,0,1,0,0.0,8:37,154,USA,9.0,Gianna Kneepkens,0,0.0,8,37,8.6
126793,298282,14,True,0,0,2,2,3,1,0.333,3,1,0.333,6,2,2,2,1.0,3,0,7,5,0,3,5,2,1,50.0,25:18,154,USA,8.0,Madison Booker,0,0.333,25,18,25.3
126793,393527,10,True,1,1,3,3,14,9,0.643,10,2,0.2,24,11,4,3,0.75,3,3,27,6,2,1,22,11,7,63.6,24:48,154,USA,7.0,Mikayla Blakes,1,0.458,24,48,24.8
126793,319297,5,False,4,0,6,9,13,4,0.308,3,0,0.0,16,4,9,8,0.889,1,3,16,7,2,1,15,10,3,30.0,21:38,154,USA,6.0,Hannah Hidalgo,1,0.25,21,38,21.6
126793,268469,2,True,9,0,3,3,4,2,0.5,0,0,,4,2,4,4,1.0,0,2,8,3,2,3,17,3,1,33.3,20:48,154,USA,5.0,Olivia Miles,0,0.5,20,48,20.8
126793,392454,2,False,0,0,0,0,0,0,,0,0,,0,0,0,0,,0,1,0,0,1,0,1,0,0,0.0,3:21,154,USA,4.0,Flaujae Johnson,0,,3,21,3.4
